Brand,ModelName,ProcessorBrand,ProcessorName,ProcessorGeneration,OS,RAM,HDD,SSD,StorageDrive,GraphicCardBrand,GraphicCardSize,Stars,Ratings,Reviews,Price,Discount(%)
Lenovo,Lenovo IdeaPad Gaming 3 Core i5 10th Gen - (8 GB/512 GB SSD/Windows 10 Home/4 GB Graphics/NVIDIA GeFor...,Intel,Core i5,10th Gen,Windows 10,8,0,512 GB,512 GB SSD,NVIDIA,4.0,4.3,502.0,43.0,53990,21.0
Lenovo,Lenovo Legion 5 Ryzen 5 Hexa Core 4600H - (8 GB/1 TB HDD/256 GB SSD/Windows 10 Home/4 GB Graphics/NVID...,AMD,Ryzen 5Core,Ryzen 5,Windows 10,8,1 TB,256 GB,1 TB HDD 256 GB SSD,NVIDIA,4.0,4.6,318.0,32.0,60990,34.0
Lenovo,Lenovo IdeaPad 3 Core i3 10th Gen - (8 GB/256 GB SSD/Windows 11 Home) 15IML05 Thin and Light Laptop,Intel,Core i3,10th Gen,Windows 11,8,0,256 GB,256 GB SSD,not mentioned,0.0,4.3,2602.0,279.0,34990,38.0
HP,HP Core i3 11th Gen - (8 GB/512 GB SSD/Windows 11 Home) 15s-fq2629TU Thin and Light Laptop,Intel,Core i3,11th Gen,Windows 11,8,0,512 GB,512 GB SSD,not mentioned,0.0,4.3,809.0,81.0,41990,22.0
acer,acer Aspire 3 Core i3 11th Gen - (8 GB/512 GB SSD/Windows 11 Home) A315-58 Notebook,Intel,Core i3,11th Gen,Windows 11,8,0,512 GB,512 GB SSD,not mentioned,0.0,0.0,0.0,0.0,38990,30.0
ASUS,ASUS VivoBook 15 Core i3 10th Gen - (8 GB/1 TB HDD/Windows 11 Home) X515JA-BQ302W Thin and Light Lapto...,Intel,Core i3,10th Gen,Windows 11,8,1 TB,0,1 TB HDD,not mentioned,0.0,3.8,37.0,6.0,30990,29.0
HP,HP Core i3 11th Gen - (8 GB/256 GB SSD/Windows 11 Home) 14s- dy2506TU Thin and Light Laptop,Intel,Core i3,11th Gen,Windows 11,8,0,256 GB,256 GB SSD,not mentioned,0.0,4.3,885.0,101.0,37990,22.0
Lenovo,Lenovo Core i3 10th Gen - (8 GB/512 GB SSD/Windows 11 Home) 15IML05 Thin and Light Laptop,Intel,Core i3,10th Gen,Windows 11,8,0,512 GB,512 GB SSD,not mentioned,0.0,4.4,113.0,11.0,36990,40.0
HP,HP Ryzen 3 Dual Core 3250U - (8 GB/256 GB SSD/Windows 10 Home) 15s-GY0501AU Thin and Light Laptop,AMD,Ryzen 3Core,Ryzen 3,Windows 10,8,0,256 GB,256 GB SSD,not mentioned,0.0,4.3,2567.0,279.0,33990,26.0
Infinix,Infinix INBook X1 Core i3 10th Gen - (8 GB/256 GB SSD/Windows 11 Home) XL11 Thin and Light Laptop,Intel,Core i3,10th Gen,Windows 11,8,0,256 GB,256 GB SSD,not mentioned,0.0,4.3,2676.0,537.0,29990,40.0
MSI,MSI GF65 Thin Hexa Core i5 10th Gen - (16 GB/512 GB SSD/Windows 10 Home/6 GB Graphics/NVIDIA GeForce R...,Intel,Core i5,10th Gen,Windows 10,16,0,512 GB,512 GB SSD,NVIDIA,6.0,4.5,365.0,53.0,69990,34.0
acer,acer Aspire 3 Dual Core 3020e - (4 GB/256 GB SSD/Windows 11 Home) A314-22 Laptop,AMD,Core,,Windows 11,4,0,256 GB,256 GB SSD,not mentioned,0.0,4.1,28.0,4.0,24990,28.0
HP,HP Ryzen 5 Hexa Core 5500U - (8 GB/512 GB SSD/Windows 11 Home) 14s-fq1092au Thin and Light Laptop,AMD,Ryzen 5Core,Ryzen 5,Windows 11,8,0,512 GB,512 GB SSD,not mentioned,0.0,4.4,395.0,54.0,47990,15.0
ASUS,ASUS Core i3 11th Gen - (8 GB/256 GB SSD/Windows 11 Home) X515EA-EJ312WS Thin and Light Laptop,Intel,Core i3,11th Gen,Windows 11,8,0,256 GB,256 GB SSD,not mentioned,0.0,4.4,428.0,52.0,37990,28.0
Lenovo,Lenovo IdeaPad 3 Core i3 11th Gen - (8 GB/512 GB SSD/Windows 11 Home) 15ITL6 Thin and Light Laptop,Intel,Core i3,11th Gen,Windows 11,8,0,512 GB,512 GB SSD,not mentioned,0.0,4.3,585.0,58.0,41990,34.0
ASUS,ASUS VivoBook 15 (2022) Core i3 10th Gen - (8 GB/512 GB SSD/Windows 11 Home) X515JA-EJ362WS Thin and L...,Intel,Core i3,10th Gen,Windows 11,8,0,512 GB,512 GB SSD,not mentioned,0.0,4.3,1561.0,175.0,38990,23.0
ASUS,ASUS VivoBook 14 (2021) Celeron Dual Core - (4 GB/256 GB SSD/Windows 11 Home) X415MA-BV011W Thin and L...,Intel,Celero,,Windows 11,4,0,256 GB,256 GB SSD,not mentioned,0.0,4.3,10.0,0.0,25990,23.0
ASUS,ASUS Celeron Dual Core - (4 GB/1 TB HDD/Windows 10 Home) X543MA-GQ1015T Laptop,Intel,Celero,,Windows 10,4,1 TB,0,1 TB HDD,not mentioned,0.0,3.8,16049.0,2042.0,24999,5.0
DELL,DELL Vostro Core i3 11th Gen - (4 GB/1 TB HDD/256 GB SSD/Windows 11 Home) Vostro 3400 Thin and Light L...,Intel,Core i3,11th Gen,Windows 11,4,1 TB,256 GB,1 TB HDD 256 GB SSD,not mentioned,0.0,0.0,0.0,0.0,35999,36.0
HP,HP Core i3 11th Gen - (8 GB/512 GB SSD/Windows 11 Home) 15s-fq2627TU Thin and Light Laptop,Intel,Core i3,11th Gen,Windows 11,8,0,512 GB,512 GB SSD,not mentioned,0.0,4.2,141.0,17.0,40990,20.0
ASUS,ASUS ASUS TUF Gaming A17 Ryzen 7 Octa Core 4800H - (16 GB/512 GB SSD/Windows 10 Home/4 GB Graphics/NVI...,AMD,Ryzen 7Core,Ryzen 7,Windows 10,16,0,512 GB,512 GB SSD,NVIDIA,4.0,4.5,107.0,17.0,79990,25.0
DELL,DELL Inspiron Pentium Silver - (8 GB/256 GB SSD/Windows 11 Home) Inspiron 3521 Notebook,Intel,Pentium,,Windows 11,8,0,256 GB,256 GB SSD,not mentioned,0.0,4.1,29.0,4.0,32999,24.0
ASUS,ASUS VivoBook 14 (2022) Core i5 11th Gen - (8 GB/1 TB HDD/256 GB SSD/Windows 11 Home) X415EA-EB572WS T...,Intel,Core i5,11th Gen,Windows 11,8,1 TB,256 GB,1 TB HDD 256 GB SSD,not mentioned,0.0,4.2,119.0,9.0,49990,31.0
ASUS,ASUS VivoBook 15 (2021) Core i3 11th Gen - (8 GB/1 TB HDD/256 GB SSD/Windows 11 Home) X515EA-EJ332WS T...,Intel,Core i3,11th Gen,Windows 11,8,1 TB,256 GB,1 TB HDD 256 GB SSD,not mentioned,0.0,4.2,47.0,6.0,40990,25.0
DELL,DELL Inspiron Athlon Dual Core 3050U - (8 GB/256 GB SSD/Windows 11 Home) Inspiron 3525 Notebook,AMD,Core,,Windows 11,8,0,256 GB,256 GB SSD,not mentioned,0.0,4.2,55.0,0.0,30990,33.0
Lenovo,Lenovo Ideapad Slim 5i Core i5 11th Gen - (16 GB/512 GB SSD/Windows 10 Home) 15 ITL 05 Thin and Light ...,Intel,Core i5,11th Gen,Windows 10,16,0,512 GB,512 GB SSD,not mentioned,0.0,4.4,956.0,108.0,61990,38.0
Infinix,Infinix INBook X1 Core i5 10th Gen - (8 GB/512 GB SSD/Windows 11 Home) XL11 Thin and Light Laptop,Intel,Core i5,10th Gen,Windows 11,8,0,512 GB,512 GB SSD,not mentioned,0.0,4.1,669.0,106.0,39990,33.0
HP,HP Pavilion Ryzen 5 Hexa Core 5600H - (8 GB/512 GB SSD/Windows 10/4 GB Graphics/NVIDIA GeForce GTX 165...,AMD,Ryzen 5Core,Ryzen 5,Windows 10,8,0,512 GB,512 GB SSD,NVIDIA,4.0,4.5,5815.0,639.0,57990,23.0
ASUS,ASUS VivoBook 15 (2021) Core i5 10th Gen - (8 GB/512 GB SSD/Windows 11 Home) X515JA-BQ521WS Thin and L...,Intel,Core i5,10th Gen,Windows 11,8,0,512 GB,512 GB SSD,not mentioned,0.0,0.0,0.0,0.0,47990,26.0
DELL,DELL Vostro Core i3 11th Gen - (4 GB/1 TB HDD/256 GB SSD/Windows 10 Home) Vostro 3400 Thin and Light L...,Intel,Core i3,11th Gen,Windows 10,4,1 TB,256 GB,1 TB HDD 256 GB SSD,not mentioned,0.0,3.9,187.0,13.0,34990,23.0
ASUS,ASUS VivoBook 15 (2022) Core i5 11th Gen - (8 GB/1 TB HDD/256 GB SSD/Windows 10 Home) X515EA-EJ502TS T...,Intel,Core i5,11th Gen,Windows 10,8,1 TB,256 GB,1 TB HDD 256 GB SSD,not mentioned,0.0,4.3,1421.0,146.0,50990,28.0
HP,HP Ryzen 3 Quad Core 5300U - (8 GB/512 GB SSD/Windows 11 Home) 14s-fq1089au Thin and Light Laptop,AMD,Ryzen 3Core,Ryzen 3,Windows 11,8,0,512 GB,512 GB SSD,not mentioned,0.0,4.5,276.0,50.0,39990,20.0
HP,HP Core i3 11th Gen - (8 GB/512 GB SSD/Windows 10 Home) 14s-dq2606tu Thin and Light Laptop,Intel,Core i3,11th Gen,Windows 10,8,0,512 GB,512 GB SSD,not mentioned,0.0,4.4,39.0,6.0,42990,18.0
DELL,DELL Vostro Core i3 10th Gen - (4 GB/256 GB SSD/Windows 10 Home) Vostro 3401 Thin and Light Laptop,Intel,Core i3,10th Gen,Windows 10,4,0,256 GB,256 GB SSD,not mentioned,0.0,4.3,1205.0,138.0,36057,0.0
ASUS,ASUS TUF Gaming F15 Core i5 10th Gen - (8 GB/512 GB SSD/Windows 11 Home/4 GB Graphics/NVIDIA GeForce G...,Intel,Core i5,10th Gen,Windows 11,8,0,512 GB,512 GB SSD,NVIDIA,4.0,4.5,4170.0,463.0,64990,16.0
ASUS,ASUS VivoBook 14 Pentium Silver - (4 GB/256 GB SSD/Windows 11 Home) X415KA-EK111WS Thin and Light Lapt...,Intel,Pentium,,Windows 11,4,0,256 GB,256 GB SSD,not mentioned,0.0,4.2,126.0,19.0,29990,23.0
ASUS,ASUS VivoBook 15 (2022) Core i3 10th Gen - (4 GB/512 GB SSD/Windows 11 Home) X515JA-EJ372WS Thin and L...,Intel,Core i3,10th Gen,Windows 11,4,0,512 GB,512 GB SSD,not mentioned,0.0,4.4,273.0,28.0,34990,30.0
DELL,DELL Vostro Ryzen 3 Dual Core R3-3250U - (8 GB/1 TB HDD/Windows 11 Home) Vostro 3405 Thin and Light La...,AMD,Ryzen 3Core,Ryzen 3,Windows 11,8,1 TB,0,1 TB HDD,not mentioned,0.0,4.0,175.0,22.0,33990,32.0
ASUS,ASUS VivoBook K15 OLED Ryzen 7 Octa Core 5700U - (16 GB/512 GB SSD/Windows 11 Home) KM513UA-L713WS Thi...,AMD,Ryzen 7Core,Ryzen 7,Windows 11,16,0,512 GB,512 GB SSD,not mentioned,0.0,4.4,79.0,12.0,64990,25.0
Lenovo,Lenovo IdeaPad Core i3 10th Gen - (4 GB/256 GB SSD/Windows 11 Home) IdeaPad 3 14IIL05 Thin and Light L...,Intel,Core i3,10th Gen,Windows 11,4,0,256 GB,256 GB SSD,not mentioned,0.0,4.0,6.0,1.0,31990,40.0
Lenovo,Lenovo IdeaPad 3 Ryzen 5 Hexa Core 5500U - (8 GB/512 GB SSD/Windows 11 Home) 15ALC6 Thin and Light Lap...,AMD,Ryzen 5Core,Ryzen 5,Windows 11,8,0,512 GB,512 GB SSD,not mentioned,0.0,4.3,384.0,47.0,47490,30.0
ASUS,ASUS VivoBook Ultra 14 (2022) Core i3 11th Gen - (8 GB/512 GB SSD/Windows 11 Home) X413EA-EB321WS Thin...,Intel,Core i3,11th Gen,Windows 11,8,0,512 GB,512 GB SSD,not mentioned,0.0,4.4,2261.0,337.0,42990,24.0
HP,HP Celeron Dual Core - (8 GB/256 GB SSD/Windows 11 Home) 14s- dq3032tu Thin and Light Laptop,Intel,Celero,,Windows 11,8,0,256 GB,256 GB SSD,not mentioned,0.0,3.9,96.0,9.0,31390,12.0
Nokia,Nokia PureBook S14 Core i5 10th Gen - (8 GB/512 GB SSD/Windows 10 Home) NKi510TL85S Thin and Light Lap...,Intel,Core i5,10th Gen,Windows 10,8,0,512 GB,512 GB SSD,not mentioned,0.0,4.5,14.0,2.0,39990,46.0
DELL,DELL Vostro Core i3 10th Gen - (8 GB/256 GB SSD/Windows 10 Home) Vostro 3401 Thin and Light Laptop,Intel,Core i3,10th Gen,Windows 10,8,0,256 GB,256 GB SSD,not mentioned,0.0,4.3,1323.0,175.0,37990,12.0
ASUS,ASUS VivoBook Ultra 14 (2021) Core i3 11th Gen - (8 GB/512 GB SSD/Windows 11 Home) X413EA-EB323WS Thin...,Intel,Core i3,11th Gen,Windows 11,8,0,512 GB,512 GB SSD,not mentioned,0.0,4.4,2261.0,337.0,40990,28.0
Lenovo,Lenovo IdeaPad Core i3 10th Gen - (4 GB/256 GB SSD/Windows 11 Home) 14IIL05 Laptop,Intel,Core i3,10th Gen,Windows 11,4,0,256 GB,256 GB SSD,not mentioned,0.0,4.8,4.0,1.0,34490,9.0
ASUS,ASUS VivoBook K15 OLED Ryzen 5 Hexa Core 5500U - (16 GB/512 GB SSD/Windows 11 Home) KM513UA-L513WS Thi...,AMD,Ryzen 5Core,Ryzen 5,Windows 11,16,0,512 GB,512 GB SSD,not mentioned,0.0,4.7,87.0,12.0,61990,23.0
ASUS,ASUS VivoBook Ultra 14 (2022) Core i5 11th Gen - (16 GB/512 GB SSD/Windows 11 Home) X413EA-EB532WS Thi...,Intel,Core i5,11th Gen,Windows 11,16,0,512 GB,512 GB SSD,not mentioned,0.0,4.6,43.0,5.0,55990,30.0
ASUS,ASUS VivoBook 15 (2021) Core i3 10th Gen - (8 GB/512 GB SSD/Windows 11 Home) X515JA-BQ322WS Thin and L...,Intel,Core i3,10th Gen,Windows 11,8,0,512 GB,512 GB SSD,not mentioned,0.0,0.0,0.0,0.0,38990,23.0
ASUS,ASUS VivoBook K15 OLED Ryzen 7 Octa Core 5700U - (16 GB/512 GB SSD/Windows 11 Home) KM513UA-L711WS Thi...,AMD,Ryzen 7Core,Ryzen 7,Windows 11,16,0,512 GB,512 GB SSD,not mentioned,0.0,4.4,79.0,12.0,64990,25.0
ASUS,ASUS Ryzen 3 Dual Core 3250U 3rd Gen - (8 GB/256 GB SSD/Windows 10 Home) M515DA-BQ322TS Thin and Light...,AMD,Ryzen 3Core,Ryzen 3,Windows 10,8,0,256 GB,256 GB SSD,not mentioned,0.0,4.3,3128.0,406.0,35990,23.0
Lenovo,Lenovo IdeaPad 3 Core i3 10th Gen - (8 GB/1 TB HDD/Windows 10 Home) 15IML05 Thin and Light Laptop,Intel,Core i3,10th Gen,Windows 10,8,1 TB,0,1 TB HDD,not mentioned,0.0,4.0,2577.0,289.0,35490,38.0
ASUS,ASUS Vivobook 14 Core i3 11th Gen - (8 GB/1 TB HDD/256 GB SSD/Windows 11 Home) X415EA-EB372WS Thin and...,Intel,Core i3,11th Gen,Windows 11,8,1 TB,256 GB,1 TB HDD 256 GB SSD,not mentioned,0.0,4.1,89.0,11.0,39900,31.0
MSI,MSI Modern 14 Ryzen 5 Hexa Core 4500U - (8 GB/512 GB SSD/Windows 10 Home) Modern 14 B4MW-423IN Thin an...,AMD,Ryzen 5Core,Ryzen 5,Windows 10,8,0,512 GB,512 GB SSD,not mentioned,0.0,4.5,939.0,151.0,44990,27.0
DELL,DELL Core i3 10th Gen - (8 GB/1 TB HDD/256 GB SSD/Windows 11 Home) Vostro 3510 Thin and Light Laptop,Intel,Core i3,10th Gen,Windows 11,8,1 TB,256 GB,1 TB HDD 256 GB SSD,not mentioned,0.0,4.2,347.0,47.0,40990,26.0
acer,acer Nitro 5 Ryzen 5 Hexa Core 4600H - (8 GB/1 TB HDD/256 GB SSD/Windows 10 Home/4 GB Graphics/NVIDIA ...,AMD,Ryzen 5Core,Ryzen 5,Windows 10,8,1 TB,256 GB,1 TB HDD 256 GB SSD,NVIDIA,4.0,4.5,2056.0,248.0,60990,39.0
ASUS,ASUS VivoBook Ultra 14 (2022) Core i3 11th Gen - (8 GB/512 GB SSD/Windows 11 Home) X413EA-EB322WS Thin...,Intel,Core i3,11th Gen,Windows 11,8,0,512 GB,512 GB SSD,not mentioned,0.0,4.4,2261.0,337.0,42990,24.0
MSI,MSI GF65 Thin Core i7 10th Gen - (16 GB/1 TB SSD/Windows 10 Home/6 GB Graphics/NVIDIA GeForce RTX 3060...,Intel,Core i7,10th Gen,Windows 10,16,0,1 TB,1 TB SSD,NVIDIA,6.0,4.4,667.0,82.0,82990,33.0
Lenovo,Lenovo IdeaPad 3 Core i5 11th Gen - (8 GB/512 GB SSD/Windows 10 Home) 15ITL6 Thin and Light Laptop,Intel,Core i5,11th Gen,Windows 10,8,0,512 GB,512 GB SSD,not mentioned,0.0,4.3,115.0,6.0,51990,41.0
HP,HP Core i5 11th Gen - (8 GB/512 GB SSD/Windows 11 Home) 15s-du3517TU Thin and Light Laptop,Intel,Core i5,11th Gen,Windows 11,8,0,512 GB,512 GB SSD,not mentioned,0.0,4.3,410.0,37.0,53990,23.0
ASUS,ASUS VivoBook K15 OLED (2022) Ryzen 5 Hexa Core 5500U - (8 GB/1 TB HDD/256 GB SSD/Windows 11 Home) KM5...,AMD,Ryzen 5Core,Ryzen 5,Windows 11,8,1 TB,256 GB,1 TB HDD 256 GB SSD,not mentioned,0.0,4.4,110.0,12.0,58990,25.0
ASUS,ASUS VivoBook Ultra 14 (2021) Core i5 11th Gen - (16 GB/512 GB SSD/Windows 11 Home) X413EA-EB531WS Thi...,Intel,Core i5,11th Gen,Windows 11,16,0,512 GB,512 GB SSD,not mentioned,0.0,4.6,43.0,5.0,55990,30.0
Lenovo,Lenovo Ideapad Slim 3i (2021) Core i5 11th Gen - (8 GB/512 GB SSD/Windows 10 Home) 14 ITL 6 Thin and L...,Intel,Core i5,11th Gen,Windows 10,8,0,512 GB,512 GB SSD,not mentioned,0.0,4.3,389.0,36.0,50990,31.0
acer,acer Aspire 7 Core i5 10th Gen - (8 GB/512 GB SSD/Windows 10 Home/4 GB Graphics/NVIDIA GeForce GTX 165...,Intel,Core i5,10th Gen,Windows 10,8,0,512 GB,512 GB SSD,NVIDIA,4.0,4.4,11866.0,1287.0,54990,38.0
Lenovo,Lenovo IdeaPad 3 Celeron Dual Core 4th Gen - (4 GB/256 GB SSD/Windows 11 Home) 14IGL05 Thin and Light ...,Intel,Celero,4th Gen,Windows 11,4,0,256 GB,256 GB SSD,not mentioned,0.0,4.1,389.0,29.0,29990,25.0
ASUS,ASUS VivoBook 15 (2022) Core i5 10th Gen - (8 GB/512 GB SSD/Windows 11 Home) X515JA-EJ562WS Thin and L...,Intel,Core i5,10th Gen,Windows 11,8,0,512 GB,512 GB SSD,not mentioned,0.0,4.1,70.0,6.0,47990,23.0
Lenovo,Lenovo Ideapad AMD Ryzen 5 Hexa Core 5500U - (8 GB/512 GB SSD/Windows 11 Home) 15ALC6 Laptop,AMD,Ryzen 5Core,Ryzen 5,Windows 11,8,0,512 GB,512 GB SSD,not mentioned,0.0,4.8,11.0,4.0,48990,28.0
Infinix,Infinix INBook X1 Core i3 10th Gen - (8 GB/256 GB SSD/Windows 11 Home) XL11 Thin and Light Laptop,Intel,Core i3,10th Gen,Windows 11,8,0,256 GB,256 GB SSD,not mentioned,0.0,4.3,2676.0,537.0,29990,40.0
HP,HP Ryzen 5 Hexa Core 5500U - (8 GB/512 GB SSD/Windows 11 Home) 15s- eq2144au Thin and Light Laptop,AMD,Ryzen 5Core,Ryzen 5,Windows 11,8,0,512 GB,512 GB SSD,not mentioned,0.0,4.4,142.0,17.0,47990,21.0
ASUS,ASUS VivoBook 15 Ryzen 3 Dual Core - (4 GB/256 GB SSD/Windows 10 Home) M515DA-BQ312TS Thin and Light L...,AMD,Ryzen 3Core,Ryzen 3,Windows 10,4,0,256 GB,256 GB SSD,not mentioned,0.0,4.3,3128.0,406.0,32990,25.0
DELL,DELL Vostro Core i5 11th Gen - (8 GB/1 TB HDD/256 GB SSD/Windows 10) Vostro 3400 Thin and Light Laptop,Intel,Core i5,11th Gen,Windows 10,8,1 TB,256 GB,1 TB HDD 256 GB SSD,not mentioned,0.0,3.8,378.0,29.0,49990,37.0
HP,HP Pavilion Core i5 11th Gen - (8 GB/512 GB SSD/Windows 11 Home) 14-dv1000TU Thin and Light Laptop,Intel,Core i5,11th Gen,Windows 11,8,0,512 GB,512 GB SSD,not mentioned,0.0,4.2,101.0,8.0,58450,21.0
Lenovo,Lenovo IdeaPad 3 Core i3 11th Gen - (8 GB/256 GB SSD/Windows 11 Home) IdeaPad 3 15ITL6 Ub Thin and Lig...,Intel,Core i3,11th Gen,Windows 11,8,0,256 GB,256 GB SSD,not mentioned,0.0,4.3,688.0,77.0,38990,36.0
ASUS,ASUS VivoBook Core i3 11th Gen - (8 GB/256 GB SSD/Windows 11 Home) X415EA-EK342WS Thin and Light Lapto...,Intel,Core i3,11th Gen,Windows 11,8,0,256 GB,256 GB SSD,not mentioned,0.0,4.2,131.0,17.0,35990,32.0
APPLE,APPLE 2020 Macbook Air M1 - (8 GB/256 GB SSD/Mac OS Big Sur) MGN63HN/A,Apple,np.NaN,,Mac OS,8,0,256 GB,256 GB SSD,not mentioned,0.0,4.7,7168.0,669.0,87990,5.0
ASUS,ASUS Pentium Quad Core - (4 GB/1 TB HDD/Windows 10 Home) X543MA-GQ1020T Laptop,Intel,Pentium,,Windows 10,4,1 TB,0,1 TB HDD,not mentioned,0.0,3.7,4903.0,682.0,25549,22.0
APPLE,APPLE 2020 Macbook Air M1 - (8 GB/256 GB SSD/Mac OS Big Sur) MGND3HN/A,Apple,np.NaN,,Mac OS,8,0,256 GB,256 GB SSD,not mentioned,0.0,4.7,7168.0,669.0,87990,5.0
acer,acer Aspire 3 Ryzen 3 Dual Core 3250U - (8 GB/512 GB SSD/Windows 11 Home) A315-23 Laptop,AMD,Ryzen 3Core,Ryzen 3,Windows 11,8,0,512 GB,512 GB SSD,not mentioned,0.0,4.0,110.0,14.0,35990,20.0
Lenovo,Lenovo IdeaPad 3 Core i3 10th Gen - (8 GB/256 GB SSD/Windows 11 Home) 14IML05 Thin and Light Laptop,Intel,Core i3,10th Gen,Windows 11,8,0,256 GB,256 GB SSD,not mentioned,0.0,4.2,332.0,42.0,34990,39.0
ASUS,ASUS VivoBook K15 OLED (2022) Core i3 11th Gen - (8 GB/256 GB SSD/Windows 11 Home) K513EA-L302WS Thin ...,Intel,Core i3,11th Gen,Windows 11,8,0,256 GB,256 GB SSD,not mentioned,0.0,4.5,940.0,172.0,47990,18.0
acer,acer Extensa 15 Core i3 11th Gen - (4 GB/256 GB SSD/Windows 11 Home) EX215-54 Thin and Light Laptop,Intel,Core i3,11th Gen,Windows 11,4,0,256 GB,256 GB SSD,not mentioned,0.0,4.6,10.0,1.0,32990,40.0
acer,acer Aspire 7 Ryzen 5 Hexa Core 5500U - (8 GB/512 GB SSD/Windows 10 Home/4 GB Graphics/NVIDIA GeForce ...,AMD,Ryzen 5Core,Ryzen 5,Windows 10,8,0,512 GB,512 GB SSD,NVIDIA,4.0,4.5,3437.0,446.0,54990,38.0
DELL,DELL Inspiron Ryzen 3 Dual Core 3250U - (8 GB/256 GB SSD/Windows 11 Home) INSPIRON 3515 Thin and Light...,AMD,Ryzen 3Core,Ryzen 3,Windows 11,8,0,256 GB,256 GB SSD,not mentioned,0.0,4.2,212.0,25.0,34990,30.0
DELL,DELL Inspiron Ryzen 3 Dual Core 3250U - (8 GB/1 TB HDD/256 GB SSD/Windows 11 Home) Inspiron 3515 Thin ...,AMD,Ryzen 3Core,Ryzen 3,Windows 11,8,1 TB,256 GB,1 TB HDD 256 GB SSD,not mentioned,0.0,4.5,43.0,6.0,43990,22.0
ASUS,ASUS Vivobook 14 Core i3 11th Gen - (8 GB/256 GB SSD/Windows 10 Home) X415EA-EB342WS Notebook,Intel,Core i3,11th Gen,Windows 10,8,0,256 GB,256 GB SSD,not mentioned,0.0,4.3,100.0,9.0,34979,32.0
APPLE,APPLE 2020 Macbook Air M1 - (8 GB/512 GB SSD/Mac OS Big Sur) MGNA3HN/A,Apple,np.NaN,,Mac OS,8,0,512 GB,512 GB SSD,not mentioned,0.0,4.7,899.0,98.0,102990,12.0
ASUS,ASUS ASUS TUF Dash F15 Core i5 11th Gen - (16 GB/512 GB SSD/Windows 11 Home/6 GB Graphics/NVIDIA GeFor...,Intel,Core i5,11th Gen,Windows 11,16,0,512 GB,512 GB SSD,NVIDIA,6.0,4.9,8.0,0.0,84990,34.0
acer,acer Aspire 3 Ryzen 5 Quad Core 3500U - (8 GB/512 GB SSD/Windows 11 Home) A315-23 Laptop,AMD,Ryzen 5Core,Ryzen 5,Windows 11,8,0,512 GB,512 GB SSD,not mentioned,0.0,4.5,12.0,3.0,42990,18.0
DELL,DELL Inspiron Core i3 11th Gen - (8 GB/256 GB SSD/Windows 11 Home) INSPIRON 5410 2 in 1 Laptop,Intel,Core i3,11th Gen,Windows 11,8,0,256 GB,256 GB SSD,not mentioned,0.0,4.4,108.0,12.0,47990,30.0
DELL,DELL Vostro Core i3 11th Gen - (8 GB/256 GB SSD/Windows 11 Home) Vostro 3400 Thin and Light Laptop,Intel,Core i3,11th Gen,Windows 11,8,0,256 GB,256 GB SSD,not mentioned,0.0,4.2,31.0,5.0,38990,28.0
Lenovo,Lenovo IdeaPad 3 Core i3 11th Gen - (8 GB/512 GB SSD/Windows 11 Home) 14ITL6 Thin and Light Laptop,Intel,Core i3,11th Gen,Windows 11,8,0,512 GB,512 GB SSD,not mentioned,0.0,4.6,16.0,1.0,42990,36.0
HP,HP Core i5 11th Gen - (8 GB/512 GB SSD/Windows 11 Home) 15s- fq4021TU Thin and Light Laptop,Intel,Core i5,11th Gen,Windows 11,8,0,512 GB,512 GB SSD,not mentioned,0.0,4.2,396.0,49.0,55990,20.0
Lenovo,Lenovo IdeaPad Gaming 3 Core i5 10th Gen - (8 GB/512 GB SSD/Windows 10 Home/4 GB Graphics/NVIDIA GeFor...,Intel,Core i5,10th Gen,Windows 10,8,0,512 GB,512 GB SSD,NVIDIA,4.0,4.3,502.0,43.0,53990,21.0
ASUS,ASUS VivoBook Ultra 14 (2021) Core i5 11th Gen - (16 GB/512 GB SSD/Windows 11 Home) X413EA-EB533WS Thi...,Intel,Core i5,11th Gen,Windows 11,16,0,512 GB,512 GB SSD,not mentioned,0.0,4.6,43.0,5.0,55990,30.0
APPLE,APPLE 2020 Macbook Pro M1 - (8 GB/256 GB SSD/Mac OS Big Sur) MYD82HN/A,Apple,np.NaN,,Mac OS,8,0,256 GB,256 GB SSD,not mentioned,0.0,4.7,677.0,75.0,107990,12.0
HP,HP Notebook PC Core i3 11th Gen - (8 GB/1 TB HDD/Windows 10) G8 240 Thin and Light Laptop,Intel,Core i3,11th Gen,Windows 10,8,1 TB,0,1 TB HDD,not mentioned,0.0,4.0,66.0,4.0,35990,18.0
HP,HP 15s Ryzen 3 Dual Core 3250U - (8 GB/1 TB HDD/256 GB SSD/Windows 10 Home) 15s-GR0012AU Laptop,AMD,Ryzen 3Core,Ryzen 3,Windows 10,8,1 TB,256 GB,1 TB HDD 256 GB SSD,not mentioned,0.0,4.3,3652.0,444.0,41490,14.0
realme,realme Book (Slim) Core i3 11th Gen - (8 GB/256 GB SSD/Windows 10 Home) RMNB1001 Thin and Light Laptop,Intel,Core i3,11th Gen,Windows 10,8,0,256 GB,256 GB SSD,not mentioned,0.0,4.4,7265.0,1148.0,42990,21.0
Lenovo,Lenovo Ideapad Gaming 3 Ryzen 5 Hexa Core 5600H - (8 GB/512 GB SSD/Windows 11 Home/4 GB Graphics/NVIDI...,AMD,Ryzen 5Core,Ryzen 5,Windows 11,8,0,512 GB,512 GB SSD,NVIDIA,4.0,4.5,161.0,22.0,60990,31.0
HP,HP Core i3 11th Gen - (8 GB/512 GB SSD/Windows 11 Home) 15s-dy3501TU Thin and Light Laptop,Intel,Core i3,11th Gen,Windows 11,8,0,512 GB,512 GB SSD,not mentioned,0.0,4.3,1053.0,99.0,41990,15.0
ASUS,ASUS ASUS TUF Gaming Core i5 11th Gen - (8 GB/1 TB SSD/Windows 10 Home/4 GB Graphics/NVIDIA GeForce RT...,Intel,Core i5,11th Gen,Windows 10,8,0,1 TB,1 TB SSD,NVIDIA,4.0,4.5,439.0,53.0,75990,35.0
Lenovo,Lenovo Legion 5 Ryzen 5 Hexa Core 4600H - (8 GB/1 TB HDD/256 GB SSD/Windows 10 Home/4 GB Graphics/NVID...,AMD,Ryzen 5Core,Ryzen 5,Windows 10,8,1 TB,256 GB,1 TB HDD 256 GB SSD,NVIDIA,4.0,4.6,318.0,32.0,60990,34.0
ASUS,ASUS VivoBook Ultra K15 OLED Core i3 11th Gen - (8 GB/1 TB HDD/256 GB SSD/Windows 11 Home) K513EA-L322...,Intel,Core i3,11th Gen,Windows 11,8,1 TB,256 GB,1 TB HDD 256 GB SSD,not mentioned,0.0,0.0,0.0,0.0,50990,19.0
ASUS,ASUS VivoBook K15 OLED (2021) Core i5 11th Gen - (16 GB/1 TB HDD/256 GB SSD/Windows 10 Home) K513EA-L5...,Intel,Core i5,11th Gen,Windows 10,16,1 TB,256 GB,1 TB HDD 256 GB SSD,not mentioned,0.0,4.4,369.0,55.0,67990,20.0
HP,HP Ryzen 7 Octa Core 5700U - (8 GB/512 GB SSD/Windows 10 Home) 14s-fq1083AU Thin and Light Laptop,AMD,Ryzen 7Core,Ryzen 7,Windows 10,8,0,512 GB,512 GB SSD,not mentioned,0.0,4.4,57.0,5.0,55490,24.0
ASUS,ASUS ROG Strix G15 Ryzen 9 Octa Core 5900HX - (16 GB/1 TB SSD/Windows 10 Home/6 GB Graphics/NVIDIA GeF...,AMD,Ryzen 9Core,Ryzen 9,Windows 10,16,0,1 TB,1 TB SSD,NVIDIA,6.0,4.1,16.0,3.0,135990,26.0
Lenovo,Lenovo IdeaPad 3 15IML05 Core i3 10th Gen - (8 GB/Windows 11 Home) IdeaPad 3 15IML05 Thin and Light La...,Intel,Core i3,10th Gen,Windows 11,8,0,0,,not mentioned,0.0,4.0,4.0,1.0,33990,41.0
ASUS,ASUS Vivobook S14 OLED (2022) Intel EVO Core i5 12th Gen - (16 GB/512 GB SSD/Windows 11 Home) S3402ZA-...,Intel,Core i5,12th Gen,Windows 11,16,0,512 GB,512 GB SSD,not mentioned,0.0,4.7,6.0,2.0,74990,24.0
acer,acer Aspire 5 Core i5 11th Gen - (8 GB/512 GB SSD/Windows 11 Home) A515-56 Thin and Light Laptop,Intel,Core i5,11th Gen,Windows 11,8,0,512 GB,512 GB SSD,not mentioned,0.0,4.3,34.0,4.0,49990,23.0
ASUS,ASUS VivoBook 15 (2022) Core i7 10th Gen - (16 GB/512 GB SSD/Windows 11 Home/Intel Integrated Iris Plu...,Intel,Core i7,10th Gen,Windows 11,16,0,512 GB,512 GB SSD,not mentioned,0.0,4.0,128.0,16.0,57990,28.0
DELL,DELL Core i5 11th Gen - (16 GB/512 GB SSD/Windows 11 Home/4 GB Graphics/NVIDIA GeForce RTX 3050) G15-5...,Intel,Core i5,11th Gen,Windows 11,16,0,512 GB,512 GB SSD,NVIDIA,4.0,0.0,0.0,0.0,74490,22.0
APPLE,APPLE MacBook Air M1 - (8 GB/512 GB SSD/Mac OS Big Sur) Z12400092,Apple,np.NaN,,Mac OS,8,0,512 GB,512 GB SSD,not mentioned,0.0,4.7,7168.0,669.0,102990,7.0
Lenovo,Lenovo IdeaPad Flex 5 Ryzen 5 Hexa Core 5500U - (8 GB/512 GB SSD/Windows 11 Home) 14ALC05 2 in 1 Lapto...,AMD,Ryzen 5Core,Ryzen 5,Windows 11,8,0,512 GB,512 GB SSD,not mentioned,0.0,0.0,0.0,0.0,57990,30.0
DELL,DELL G15 Core i5 12th Gen - (16 GB/512 GB SSD/Windows 11 Home/4 GB Graphics/NVIDIA GeForce RTX 3050) G...,Intel,Core i5,12th Gen,Windows 11,16,0,512 GB,512 GB SSD,NVIDIA,4.0,0.0,0.0,0.0,87990,21.0
ASUS,ASUS Celeron Dual Core - (4 GB/128 GB SSD/Windows 11 Home) BR1100CKA-GJ0722W Laptop,Intel,Celero,,Windows 11,4,0,128 GB,128 GB SSD,not mentioned,0.0,0.0,0.0,0.0,24999,19.0
Lenovo,Lenovo Ideapad S145 Core i5 10th Gen - (8 GB/1 TB HDD/Windows 10 Home) S145-15IIL Laptop,Intel,Core i5,10th Gen,Windows 10,8,1 TB,0,1 TB HDD,not mentioned,0.0,3.8,2896.0,336.0,44990,32.0
acer,acer Nitro 5 Ryzen 7 Octa Core 5800H - (16 GB/1 TB HDD/256 GB SSD/Windows 10 Home/6 GB Graphics/NVIDIA...,AMD,Ryzen 7Core,Ryzen 7,Windows 10,16,1 TB,256 GB,1 TB HDD 256 GB SSD,NVIDIA,6.0,4.4,356.0,48.0,94990,20.0
ASUS,ASUS VivoBook 14 Core i3 10th Gen - (8 GB/256 GB SSD/Windows 10 Home) X415FA-BV341T Thin and Light Lap...,Intel,Core i3,10th Gen,Windows 10,8,0,256 GB,256 GB SSD,not mentioned,0.0,4.3,109.0,9.0,32489,30.0
realme,realme Book (Slim) Core i3 11th Gen - (8 GB/256 GB SSD/Windows 10 Home) RMNB1001 Thin and Light Laptop,Intel,Core i3,11th Gen,Windows 10,8,0,256 GB,256 GB SSD,not mentioned,0.0,4.4,7265.0,1148.0,42990,21.0
ASUS,ASUS VivoBook 15 (2021) Core i5 11th Gen - (8 GB/1 TB HDD/256 GB SSD/Windows 11 Home) X515EA-EJ502WS T...,Intel,Core i5,11th Gen,Windows 11,8,1 TB,256 GB,1 TB HDD 256 GB SSD,not mentioned,0.0,4.3,12.0,0.0,51990,28.0
Lenovo,Lenovo IdeaPad Flex 5 Core i7 11th Gen - (16 GB/512 GB SSD/Windows 10 Home) 14ITL05 2 in 1 Laptop,Intel,Core i7,11th Gen,Windows 10,16,0,512 GB,512 GB SSD,not mentioned,0.0,4.4,80.0,10.0,81990,34.0
MSI,MSI GF63 Thin Core i7 10th Gen - (8 GB/1 TB HDD/256 GB SSD/Windows 10 Home/4 GB Graphics/NVIDIA GeForc...,Intel,Core i7,10th Gen,Windows 10,8,1 TB,256 GB,1 TB HDD 256 GB SSD,NVIDIA,4.0,4.3,959.0,107.0,67490,19.0
ASUS,ASUS VivoBook K15 OLED (2022) Ryzen 5 Hexa Core 5500U - (8 GB/1 TB HDD/256 GB SSD/Windows 11 Home) KM5...,AMD,Ryzen 5Core,Ryzen 5,Windows 11,8,1 TB,256 GB,1 TB HDD 256 GB SSD,not mentioned,0.0,4.5,664.0,90.0,58990,25.0
ASUS,ASUS VivoBook Flip 14 Core i3 11th Gen - (8 GB/256 GB SSD/Windows 11 Home) TP470EA-EC301WS 2 in 1 Lapt...,Intel,Core i3,11th Gen,Windows 11,8,0,256 GB,256 GB SSD,not mentioned,0.0,4.6,16.0,1.0,49990,21.0
acer,acer Aspire 3 Ryzen 3 Dual Core R33250U - (4 GB/512 GB SSD/Windows 11 Home) A315-23 Notebook,AMD,Ryzen 3Core,Ryzen 3,Windows 11,4,0,512 GB,512 GB SSD,not mentioned,0.0,4.8,10.0,0.0,33999,20.0
Lenovo,Lenovo ThinkBook 13s Core i5 11th Gen - (16 GB/512 GB SSD/Windows 10 Home) TB13s ITL Gen 2 Thin and Li...,Intel,Core i5,11th Gen,Windows 10,16,0,512 GB,512 GB SSD,not mentioned,0.0,4.4,89.0,9.0,60990,49.0
HP,HP OMEN 15 Ryzen 7 Octa Core 5800H - (16 GB/1 TB SSD/Windows 10 Home/6 GB Graphics/NVIDIA GeForce RTX ...,AMD,Ryzen 7Core,Ryzen 7,Windows 10,16,0,1 TB,1 TB SSD,NVIDIA,6.0,4.5,514.0,68.0,109990,11.0
Infinix,Infinix INBook X1 Core i5 10th Gen - (8 GB/512 GB SSD/Windows 11 Home) XL11 Thin and Light Laptop,Intel,Core i5,10th Gen,Windows 11,8,0,512 GB,512 GB SSD,not mentioned,0.0,4.1,669.0,106.0,39990,33.0
APPLE,APPLE 2020 Macbook Air M1 - (8 GB/512 GB SSD/Mac OS Big Sur) MGN73HN/A,Apple,np.NaN,,Mac OS,8,0,512 GB,512 GB SSD,not mentioned,0.0,4.7,899.0,98.0,104990,10.0
HP,HP Pavilion Core i5 11th Gen - (16 GB/512 GB SSD/Windows 11 Home) 14-dv1001TU Thin and Light Laptop,Intel,Core i5,11th Gen,Windows 11,16,0,512 GB,512 GB SSD,not mentioned,0.0,4.5,188.0,15.0,59990,23.0
ASUS,ASUS VivoBook 14 (2021) Ryzen 5 Quad Core 3500U - (8 GB/512 GB SSD/Windows 11 Home) M415DA-EB712WS Thi...,AMD,Ryzen 5Core,Ryzen 5,Windows 11,8,0,512 GB,512 GB SSD,not mentioned,0.0,4.7,15.0,1.0,44990,22.0
HP,HP 14s Core i3 11th Gen - (8 GB/256 GB SSD/Windows 10 Home) 14s- DY2501TU Thin and Light Laptop,Intel,Core i3,11th Gen,Windows 10,8,0,256 GB,256 GB SSD,not mentioned,0.0,4.4,5262.0,565.0,37999,17.0
DELL,DELL Vostro Core i3 10th Gen - (8 GB/512 GB SSD/Windows 11 Home) Vostro 3510 Thin and Light Laptop,Intel,Core i3,10th Gen,Windows 11,8,0,512 GB,512 GB SSD,not mentioned,0.0,3.9,45.0,7.0,40990,25.0
Lenovo,Lenovo IdeaPad Ryzen 5 Hexa Core 5500U - (8 GB/512 GB SSD/Windows 11 Home) ideapad 3 14ALC6UB Thin and...,AMD,Ryzen 5Core,Ryzen 5,Windows 11,8,0,512 GB,512 GB SSD,not mentioned,0.0,0.0,0.0,0.0,48490,28.0
ASUS,ASUS TUF Gaming F15 Core i5 10th Gen - (8 GB/1 TB SSD/Windows 11 Home/4 GB Graphics/NVIDIA GeForce GTX...,Intel,Core i5,10th Gen,Windows 11,8,0,1 TB,1 TB SSD,NVIDIA,4.0,4.7,3.0,0.0,64490,20.0
HP,HP Ryzen 3 Quad Core 5300U - (8 GB/512 GB SSD/Windows 11 Home) 15s-eq2143au Thin and Light Laptop,AMD,Ryzen 3Core,Ryzen 3,Windows 11,8,0,512 GB,512 GB SSD,not mentioned,0.0,4.1,291.0,41.0,38990,21.0
acer,acer Aspire 7 Ryzen 5 Quad Core 3550H - (8 GB/512 GB SSD/Windows 10 Home/4 GB Graphics/NVIDIA GeForce ...,AMD,Ryzen 5Core,Ryzen 5,Windows 10,8,0,512 GB,512 GB SSD,NVIDIA,4.0,4.5,1369.0,175.0,51990,9.0
ASUS,ASUS ROG Strix G15 Ryzen 7 Octa Core 4800H - (8 GB/512 GB SSD/Windows 11 Home/4 GB Graphics/NVIDIA GeF...,AMD,Ryzen 7Core,Ryzen 7,Windows 11,8,0,512 GB,512 GB SSD,NVIDIA,4.0,4.6,703.0,101.0,83990,22.0
Avita,Avita SATUS Celeron Dual Core - (4 GB/128 GB SSD/Windows 11 Home) NU14A1INC43PN-MB Laptop,Intel,Celero,,Windows 11,4,0,128 GB,128 GB SSD,not mentioned,0.0,4.4,30.0,7.0,21990,26.0
HP,HP Pentium Quad Core - (8 GB/256 GB SSD/Windows 11 Home) 14s-dq3033tu Thin and Light Laptop,Intel,Pentium,,Windows 11,8,0,256 GB,256 GB SSD,not mentioned,0.0,4.1,104.0,12.0,33999,13.0
HP,HP 15s Core i3 10th Gen - (8 GB/1 TB HDD/Windows 10 Home) 15s-DU1066TU Thin and Light Laptop,Intel,Core i3,10th Gen,Windows 10,8,1 TB,0,1 TB HDD,not mentioned,0.0,4.1,1107.0,116.0,36990,14.0
Lenovo,Lenovo IdeaPad 3 Core i3 11th Gen - (8 GB/256 GB SSD/Windows 11 Home) 14ITL05 Thin and Light Laptop,Intel,Core i3,11th Gen,Windows 11,8,0,256 GB,256 GB SSD,not mentioned,0.0,4.2,60.0,7.0,39990,34.0
DELL,DELL Ryzen 5 Hexa Core 5600H - (8 GB/512 GB SSD/Windows 11 Home/4 GB Graphics/NVIDIA GeForce RTX 3050/...,AMD,Ryzen 5Core,Ryzen 5,Windows 11,8,0,512 GB,512 GB SSD,NVIDIA,4.0,4.5,13.0,3.0,69490,27.0
RedmiBook,RedmiBook Pro Core i5 11th Gen - (8 GB/512 GB SSD/Windows 10 Home) Thin and Light Laptop,Intel,Core i5,11th Gen,Windows 10,8,0,512 GB,512 GB SSD,not mentioned,0.0,4.2,1849.0,254.0,48990,18.0
HP,HP Pavilion x360 Core i3 11th Gen - (8 GB/512 GB SSD/Windows 11 Home) 14-dy0186TU 2 in 1 Laptop,Intel,Core i3,11th Gen,Windows 11,8,0,512 GB,512 GB SSD,not mentioned,0.0,4.4,65.0,6.0,55990,19.0
acer,acer Aspire 5 Core i5 11th Gen - (8 GB/512 GB SSD/Windows 11 Home) A515-56-51EV Thin and Light Laptop,Intel,Core i5,11th Gen,Windows 11,8,0,512 GB,512 GB SSD,not mentioned,0.0,4.2,202.0,24.0,52990,30.0
acer,acer Predator Helios 300 Core i7 11th Gen - (16 GB/1 TB HDD/512 GB SSD/Windows 10 Home/4 GB Graphics/N...,Intel,Core i7,11th Gen,Windows 10,16,1 TB,512 GB,1 TB HDD 512 GB SSD,NVIDIA,4.0,4.5,246.0,41.0,95990,36.0
Lenovo,Lenovo IdeaPad Slim 3 Ryzen 3 Dual Core 3250U - (4 GB/1 TB HDD/Windows 10 Home) 15ADA05 Laptop,AMD,Ryzen 3Core,Ryzen 3,Windows 10,4,1 TB,0,1 TB HDD,not mentioned,0.0,3.5,397.0,73.0,30990,16.0
DELL,DELL Vostro Core i3 11th Gen - (8 GB/256 GB SSD/Windows 10) VOSTRO 3400 Thin and Light Laptop,Intel,Core i3,11th Gen,Windows 10,8,0,256 GB,256 GB SSD,not mentioned,0.0,4.1,428.0,49.0,38990,9.0
ASUS,ASUS TUF Gaming F15 Core i5 10th Gen - (8 GB/512 GB SSD/Windows 10 Home/4 GB Graphics/NVIDIA GeForce G...,Intel,Core i5,10th Gen,Windows 10,8,0,512 GB,512 GB SSD,NVIDIA,4.0,4.5,4170.0,463.0,59990,26.0
ASUS,ASUS VivoBook 15 (2022) Core i3 11th Gen - (4 GB/256 GB SSD/Windows 10 Home) X515EA-EJ302TS Thin and L...,Intel,Core i3,11th Gen,Windows 10,4,0,256 GB,256 GB SSD,not mentioned,0.0,4.3,1629.0,203.0,34990,30.0
ASUS,ASUS VivoBook K15 OLED (2022) Core i3 11th Gen - (8 GB/512 GB SSD/Windows 11 Home) K513EA-L312WS Thin ...,Intel,Core i3,11th Gen,Windows 11,8,0,512 GB,512 GB SSD,not mentioned,0.0,4.5,268.0,41.0,50990,19.0
ASUS,ASUS ZenBook Core i5 11th Gen - (8 GB/512 GB SSD/Windows 11 Home) UX325EA-KG502WS Thin and Light Lapto...,Intel,Core i5,11th Gen,Windows 11,8,0,512 GB,512 GB SSD,not mentioned,0.0,5.0,3.0,0.0,69990,19.0
ASUS,ASUS TUF Gaming F15 (2021) Core i5 11th Gen - (16 GB/512 GB SSD/Windows 10 Home/6 GB Graphics/NVIDIA G...,Intel,Core i5,11th Gen,Windows 10,16,0,512 GB,512 GB SSD,NVIDIA,6.0,4.6,197.0,27.0,89990,30.0
Lenovo,Lenovo IdeaPad Core i5 11th Gen - (16 GB/512 GB SSD/Windows 11 Home) IdeaPad 5 15ITL05 Thin and Light ...,Intel,Core i5,11th Gen,Windows 11,16,0,512 GB,512 GB SSD,not mentioned,0.0,5.0,3.0,0.0,62990,35.0
DELL,DELL Inspiron Ryzen 5 Dual Core 3450U - (8 GB/512 GB SSD/Windows 11 Home) INSPIRON 3515 Thin and Light...,AMD,Ryzen 5Core,Ryzen 5,Windows 11,8,0,512 GB,512 GB SSD,not mentioned,0.0,0.0,0.0,0.0,46790,25.0
HP,HP Core i3 11th Gen - (8 GB/1 TB HDD/Windows 11 Home) 250 G8 Laptop,Intel,Core i3,11th Gen,Windows 11,8,1 TB,0,1 TB HDD,not mentioned,0.0,0.0,0.0,0.0,40699,6.0
ASUS,ASUS VivoBook Flip 14 Core i5 11th Gen - (8 GB/512 GB SSD/Windows 11 Home) TP470EA-EC511WS 2 in 1 Lapt...,Intel,Core i5,11th Gen,Windows 11,8,0,512 GB,512 GB SSD,not mentioned,0.0,4.6,20.0,2.0,63990,22.0
ASUS,ASUS Celeron Dual Core - (4 GB/128 GB SSD/Windows 11 Home) BR1100FKA-BP1104W Laptop,Intel,Celero,,Windows 11,4,0,128 GB,128 GB SSD,not mentioned,0.0,4.0,3.0,1.0,29990,18.0
Avita,Avita Liber Core i7 10th Gen - (16 GB/1 TB SSD/Windows 10 Home) NS14A8INR671-PAG Thin and Light Laptop,Intel,Core i7,10th Gen,Windows 10,16,0,1 TB,1 TB SSD,not mentioned,0.0,3.8,214.0,49.0,51990,37.0
Lenovo,Lenovo IdeaPad Slim 3i (2021) Core i3 11th Gen - (8 GB/256 GB SSD/Windows 10 Home) IdeaPad 3 14ITL6 Th...,Intel,Core i3,11th Gen,Windows 10,8,0,256 GB,256 GB SSD,not mentioned,0.0,4.4,167.0,30.0,43790,25.0
HP,HP Pavilion Aero Ryzen 5 Hexa Core 5600U - (16 GB/512 GB SSD/Windows 10 Home) 13-BE0030AU Thin and Lig...,AMD,Ryzen 5Core,Ryzen 5,Windows 10,16,0,512 GB,512 GB SSD,not mentioned,0.0,4.3,118.0,20.0,64489,28.0
Lenovo,Lenovo Yoga 6 Ryzen 7 Octa Core 5700U - (16 GB/512 GB SSD/Windows 11 Home) 13ALC6 2 in 1 Laptop,AMD,Ryzen 7Core,Ryzen 7,Windows 11,16,0,512 GB,512 GB SSD,not mentioned,0.0,4.7,6.0,0.0,77990,38.0
Infinix,Infinix INBook X1 Core i5 10th Gen - (8 GB/512 GB SSD/Windows 11 Home) XL11 Thin and Light Laptop,Intel,Core i5,10th Gen,Windows 11,8,0,512 GB,512 GB SSD,not mentioned,0.0,4.1,669.0,106.0,39990,33.0
DELL,DELL Inspiron Core i3 11th Gen - (8 GB/256 GB SSD/Windows 10) Inspiron 3511 Thin and Light Laptop,Intel,Core i3,11th Gen,Windows 10,8,0,256 GB,256 GB SSD,not mentioned,0.0,4.2,30.0,3.0,42490,25.0
Lenovo,Lenovo Ideapad Slim 5i Core i5 11th Gen - (8 GB/1 TB HDD/256 GB SSD/Windows 10 Home/2 GB Graphics) ide...,Intel,Core i5,11th Gen,Windows 10,8,1 TB,256 GB,1 TB HDD 256 GB SSD,not mentioned,2.0,4.3,79.0,6.0,58990,37.0
APPLE,APPLE 2020 Macbook Pro M1 - (8 GB/512 GB SSD/Mac OS Big Sur) MYD92HN/A,Apple,np.NaN,,Mac OS,8,0,512 GB,512 GB SSD,not mentioned,0.0,4.6,425.0,46.0,127990,10.0
DELL,DELL Vostro Core i3 10th Gen - (4 GB/1 TB HDD/256 GB SSD/Windows 10 Home) Vostro 3401 Thin and Light L...,Intel,Core i3,10th Gen,Windows 10,4,1 TB,256 GB,1 TB HDD 256 GB SSD,not mentioned,0.0,4.3,69.0,8.0,37126,0.0
Lenovo,Lenovo IdeaPad Gaming 3 Ryzen 5 Hexa Core 5600H - (8 GB/512 GB SSD/Windows 11 Home/4 GB Graphics/NVIDI...,AMD,Ryzen 5Core,Ryzen 5,Windows 11,8,0,512 GB,512 GB SSD,NVIDIA,4.0,5.0,3.0,1.0,69990,32.0
ASUS,ASUS VivoBook 14 (2021) Ryzen 7 Quad Core 3700U - (16 GB/512 GB SSD/Windows 11 Home) M415DA-EB512WS Th...,AMD,Ryzen 7Core,Ryzen 7,Windows 11,16,0,512 GB,512 GB SSD,not mentioned,0.0,4.7,3.0,0.0,52990,29.0
DELL,DELL Core i5 11th Gen - (8 GB/512 GB SSD/Windows 11 Home/4 GB Graphics/NVIDIA GeForce RTX 3050) G15-55...,Intel,Core i5,11th Gen,Windows 11,8,0,512 GB,512 GB SSD,NVIDIA,4.0,0.0,0.0,0.0,69490,8.0
MSI,MSI Katana GF66 Core i7 11th Gen - (16 GB/1 TB SSD/Windows 10 Home/4 GB Graphics/NVIDIA GeForce RTX 30...,Intel,Core i7,11th Gen,Windows 10,16,0,1 TB,1 TB SSD,NVIDIA,4.0,4.4,270.0,33.0,84990,27.0
ASUS,ASUS Vivobook 15 Core i5 11th Gen - (8 GB/1 TB HDD/256 GB SSD/Windows 10 Home/2 GB Graphics) X515EP-BQ...,Intel,Core i5,11th Gen,Windows 10,8,1 TB,256 GB,1 TB HDD 256 GB SSD,not mentioned,2.0,4.4,38.0,5.0,56449,28.0
DELL,DELL Inspiron Core i3 10th Gen - (4 GB/256 GB SSD/Windows 10 Home) Inspiron 3501 Laptop,Intel,Core i3,10th Gen,Windows 10,4,0,256 GB,256 GB SSD,not mentioned,0.0,4.4,652.0,65.0,39490,11.0
ASUS,ASUS Vivobook 14 Core i3 10th Gen - (8 GB/1 TB HDD/Windows 10 Home) X415FA-BV311T Laptop,Intel,Core i3,10th Gen,Windows 10,8,1 TB,0,1 TB HDD,not mentioned,0.0,4.0,87.0,9.0,30999,34.0
ASUS,ASUS Pentium Quad Core - (4 GB/1 TB HDD/Windows 10 Home) X543MA-DM101T Laptop,Intel,Pentium,,Windows 10,4,1 TB,0,1 TB HDD,not mentioned,0.0,0.0,0.0,0.0,27990,17.0
MSI,MSI Modern 14 Core i5 10th Gen - (8 GB/512 GB SSD/Windows 10 Home) Modern 14 B10MW-639IN Notebook,Intel,Core i5,10th Gen,Windows 10,8,0,512 GB,512 GB SSD,not mentioned,0.0,4.4,766.0,99.0,45990,25.0
Lenovo,Lenovo APU Dual Core A9 A99425 - (4 GB/1 TB HDD/DOS) E41-45 Notebook,AMD,Core,,Windows 10,4,1 TB,0,1 TB HDD,not mentioned,0.0,3.9,229.0,18.0,21896,0.0
Lenovo,Lenovo IdeaPad Core i5 10th Gen - (8 GB/512 GB SSD/Windows 11 Home) 15IML05 Thin and Light Laptop,Intel,Core i5,10th Gen,Windows 11,8,0,512 GB,512 GB SSD,not mentioned,0.0,4.4,10.0,0.0,47998,39.0
DELL,DELL Vostro Core i3 10th Gen - (8 GB/512 GB SSD/Windows 11 Home) vostro 3510 icl Thin and Light Laptop,Intel,Core i3,10th Gen,Windows 11,8,0,512 GB,512 GB SSD,not mentioned,0.0,3.9,45.0,7.0,40990,26.0
ASUS,ASUS ASUS TUF Gaming Ryzen 7 Octa Core 4800H - (16 GB/512 GB SSD/Windows 10 Home/4 GB Graphics/NVIDIA ...,AMD,Ryzen 7Core,Ryzen 7,Windows 10,16,0,512 GB,512 GB SSD,NVIDIA,4.0,4.5,1112.0,154.0,80990,25.0
HP,HP Pavilion Gaming Ryzen 7 Octa Core 4800H - (16 GB/1 TB HDD/256 GB SSD/Windows 10 Home/4 GB Graphics/...,AMD,Ryzen 7Core,Ryzen 7,Windows 10,16,1 TB,256 GB,1 TB HDD 256 GB SSD,not mentioned,4.0,4.5,1212.0,127.0,75990,18.0
DELL,DELL Inspiron Core i3 11th Gen - (8 GB/1 TB HDD/Windows 11 Home) Inspiron 3511 Thin and Light Laptop,Intel,Core i3,11th Gen,Windows 11,8,1 TB,0,1 TB HDD,not mentioned,0.0,3.6,411.0,55.0,33990,33.0
Lenovo,Lenovo Ideapad Flex 5 Core i3 11th Gen - (8 GB/256 GB SSD/Windows 11 Home) Ideapad Flex 5 14LT05 UA 2 ...,Intel,Core i3,11th Gen,Windows 11,8,0,256 GB,256 GB SSD,not mentioned,0.0,4.4,312.0,42.0,51990,31.0
MSI,MSI Alpha 15 Ryzen 7 Octa Core 5800H - (16 GB/1 TB SSD/Windows 10 Home/8 GB Graphics/AMD Radeon RX6600...,AMD,Ryzen 7Core,Ryzen 7,Windows 10,16,0,1 TB,1 TB SSD,not mentioned,8.0,4.7,137.0,27.0,94990,34.0
DELL,DELL Vostro Ryzen 5 Hexa Core 5500U - (8 GB/512 GB SSD/Windows 11 Home) Vostro 5415 Thin and Light Lap...,AMD,Ryzen 5Core,Ryzen 5,Windows 11,8,0,512 GB,512 GB SSD,not mentioned,0.0,0.0,0.0,0.0,59490,9.0
ASUS,ASUS Vivobook 15 Core i3 11th Gen - (8 GB/512 GB SSD/Windows 11 Home) X515EA-EJ322WS Laptop,Intel,Core i3,11th Gen,Windows 11,8,0,512 GB,512 GB SSD,not mentioned,0.0,3.7,10.0,0.0,41690,26.0
HP,HP Core i3 11th Gen - (8 GB/512 GB SSD/Windows 11 Home) 15s-FR2508TU Laptop,Intel,Core i3,11th Gen,Windows 11,8,0,512 GB,512 GB SSD,not mentioned,0.0,4.1,90.0,8.0,42490,17.0
ASUS,ASUS ROG Strix G15 (2021) Ryzen 7 Octa Core 4800H - (8 GB/512 GB SSD/Windows 10 Home/4 GB Graphics/NVI...,AMD,Ryzen 7Core,Ryzen 7,Windows 10,8,0,512 GB,512 GB SSD,NVIDIA,4.0,4.5,160.0,17.0,76990,15.0
DELL,DELL G15 Core i7 12th Gen - (16 GB/1 TB SSD/Windows 11 Home/6 GB Graphics/NVIDIA GeForce RTX 3060) G15...,Intel,Core i7,12th Gen,Windows 11,16,0,1 TB,1 TB SSD,NVIDIA,6.0,0.0,0.0,0.0,138990,21.0
DELL,"DELL Inspiron Core i3 11th Gen - (8 GB/1 TB HDD/256 GB SSD/Windows 11 Home) Inspiron 3511,Inspiron 300...",Intel,Core i3,11th Gen,Windows 11,8,1 TB,256 GB,1 TB HDD 256 GB SSD,not mentioned,0.0,4.3,980.0,127.0,44490,22.0
ASUS,ASUS ROG Strix G15 (2020) Octa Core i7 10th Gen - (16 GB/1 TB SSD/Windows 10 Home/4 GB Graphics/NVIDIA...,Intel,Core i7,10th Gen,Windows 10,16,0,1 TB,1 TB SSD,NVIDIA,4.0,4.6,288.0,46.0,92590,20.0
DELL,DELL INSPIRON Core i3 10th Gen - (8 GB/1 TB HDD/Windows 10 Home) Inspiron 3501 Laptop,Intel,Core i3,10th Gen,Windows 10,8,1 TB,0,1 TB HDD,not mentioned,0.0,4.0,542.0,49.0,42090,12.0
Lenovo,Lenovo Ideapad S145 Core i3 7th Gen - (4 GB/1 TB HDD/Windows 10 Home) S145-15IKB Thin and Light Laptop,Intel,Core i3,7th Gen,Windows 10,4,1 TB,0,1 TB HDD,not mentioned,0.0,4.0,5328.0,660.0,30990,3.0
HP,HP Pavilion Ryzen 7 Octa Core 5800U - (16 GB/1 TB SSD/Windows 11 Home) 13-BE0208AU Thin and Light Lapt...,AMD,Ryzen 7Core,Ryzen 7,Windows 11,16,0,1 TB,1 TB SSD,not mentioned,0.0,0.0,0.0,0.0,79790,27.0
DELL,DELL Inspiron Core i5 11th Gen - (4 GB/1 TB HDD/256 GB SSD/Windows 10) Inspiron 3501 Thin and Light La...,Intel,Core i5,11th Gen,Windows 10,4,1 TB,256 GB,1 TB HDD 256 GB SSD,not mentioned,0.0,4.1,45.0,5.0,55990,6.0
ASUS,ASUS ROG Strix G15 Core i7 10th Gen - (16 GB/512 GB SSD/Windows 10 Home/4 GB Graphics/NVIDIA GeForce G...,Intel,Core i7,10th Gen,Windows 10,16,0,512 GB,512 GB SSD,NVIDIA,4.0,4.5,462.0,64.0,84990,2.0
ASUS,ASUS ROG Strix G15 Ryzen 7 Octa Core 6800H - (16 GB/1 TB SSD/Windows 11 Home/4 GB Graphics/NVIDIA GeFo...,AMD,Ryzen 7Core,Ryzen 7,Windows 11,16,0,1 TB,1 TB SSD,NVIDIA,4.0,4.8,4.0,2.0,114990,19.0
ASUS,ASUS TUF Gaming F15 Core i5 10th Gen - (8 GB/512 GB SSD/Windows 10 Home/4 GB Graphics/NVIDIA GeForce G...,Intel,Core i5,10th Gen,Windows 10,8,0,512 GB,512 GB SSD,NVIDIA,4.0,4.4,3975.0,392.0,65990,26.0
DELL,DELL Vostro 3405 Ryzen 5 Quad Core 3450U - (8 GB/256 GB SSD/Windows 10 Home) Vostro 3405 Thin and Ligh...,AMD,Ryzen 5Core,Ryzen 5,Windows 10,8,0,256 GB,256 GB SSD,not mentioned,0.0,4.3,975.0,111.0,41990,29.0
acer,acer Predator Helios 300 Core i9 11th Gen - (32 GB/1 TB SSD/Windows 11 Home/8 GB Graphics/NVIDIA GeFor...,Intel,Core i9,11th Gen,Windows 11,32,0,1 TB,1 TB SSD,NVIDIA,8.0,0.0,0.0,0.0,169990,15.0
HP,HP 15s Ryzen 3 Quad Core 5300U - (8 GB/512 GB SSD/Windows 10 Home) 15s- EQ2042AU Thin and Light Laptop,AMD,Ryzen 3Core,Ryzen 3,Windows 10,8,0,512 GB,512 GB SSD,not mentioned,0.0,4.3,269.0,41.0,40890,8.0
ASUS,ASUS Vivobook 17 Core i5 11th Gen - (16 GB/512 GB SSD/Windows 11 Home) X712EA-AU521WS Laptop,Intel,Core i5,11th Gen,Windows 11,16,0,512 GB,512 GB SSD,not mentioned,0.0,4.0,4.0,1.0,57838,32.0
DELL,DELL Inspiron Core i5 11th Gen - (8 GB/512 GB SSD/Windows 11 Home) Inspiron 5410 2 in 1 Laptop,Intel,Core i5,11th Gen,Windows 11,8,0,512 GB,512 GB SSD,not mentioned,0.0,4.4,18.0,2.0,71990,24.0
HP,HP 15s Core i3 11th Gen - (8 GB/1 TB HDD/Windows 10 Home) 15s-du3038TU Thin and Light Laptop,Intel,Core i3,11th Gen,Windows 10,8,1 TB,0,1 TB HDD,not mentioned,0.0,4.0,2369.0,291.0,44990,9.0
realme,realme Book(Slim) Intel Evo Core i5 11th Gen - (8 GB/512 GB SSD/Windows 10 Home) RMNB1002 Thin and Lig...,Intel,Core i5,11th Gen,Windows 10,8,0,512 GB,512 GB SSD,not mentioned,0.0,4.4,3860.0,554.0,55990,20.0
ASUS,ASUS Zenbook Flip 13 OLED Touch Panel Intel EVO Core i5 11th Gen - (8 GB/512 GB SSD/Windows 10 Home) U...,Intel,Core i5,11th Gen,Windows 10,8,0,512 GB,512 GB SSD,not mentioned,0.0,4.3,12.0,2.0,79990,31.0
DELL,DELL Inspiron Core i5 11th Gen - (8 GB/512 GB SSD/Windows 11 Home/2 GB Graphics) Inspiron 3511 Thin an...,Intel,Core i5,11th Gen,Windows 11,8,0,512 GB,512 GB SSD,not mentioned,2.0,4.3,15.0,0.0,65990,25.0
APPLE,APPLE 2020 Macbook Pro M1 - (8 GB/256 GB SSD/Mac OS Big Sur) MYDA2HN/A,Apple,np.NaN,,Mac OS,8,0,256 GB,256 GB SSD,not mentioned,0.0,4.7,677.0,75.0,107990,12.0
MSI,MSI GF63 Thin Core i5 10th Gen - (8 GB/512 GB SSD/Windows 10 Home/4 GB Graphics/NVIDIA GeForce RTX 305...,Intel,Core i5,10th Gen,Windows 10,8,0,512 GB,512 GB SSD,NVIDIA,4.0,4.5,1862.0,253.0,69990,16.0
HP,HP Pavilion x360 Core i3 11th Gen - (8 GB/256 GB SSD/Windows 11 Home) 14-dy0190TU 2 in 1 Laptop,Intel,Core i3,11th Gen,Windows 11,8,0,256 GB,256 GB SSD,not mentioned,0.0,4.5,42.0,2.0,53990,14.0
Lenovo,Lenovo Ideapad Slim 3i (2021) Core i5 11th Gen - (8 GB/256 GB SSD/Windows 10 Home) 15ITL6/ 15ITL6 Ub T...,Intel,Core i5,11th Gen,Windows 10,8,0,256 GB,256 GB SSD,not mentioned,0.0,4.3,404.0,40.0,48490,35.0
ASUS,ASUS Ryzen 3 Quad Core 3rd Gen - (8 GB/256 GB SSD/Windows 11 Home) M515DA-BR322WS Laptop,AMD,Ryzen 3Core,Ryzen 3,Windows 11,8,0,256 GB,256 GB SSD,not mentioned,0.0,0.0,0.0,0.0,36949,25.0
RedmiBook,RedmiBook 15 Core i3 11th Gen - (8 GB/256 GB SSD/Windows 10 Home) Thin and Light Laptop,Intel,Core i3,11th Gen,Windows 10,8,0,256 GB,256 GB SSD,not mentioned,0.0,4.2,1204.0,165.0,40990,21.0
ASUS,ASUS ROG Strix SCAR 17 Core i9 12th Gen - (32 GB/1 TB SSD/Windows 11 Home/8 GB Graphics/NVIDIA GeForce...,Intel,Core i9,12th Gen,Windows 11,32,0,1 TB,1 TB SSD,NVIDIA,8.0,5.0,3.0,2.0,234990,18.0
acer,acer Aspire 5 Core i5 11th Gen - (8 GB/1 TB HDD/256 GB SSD/Windows 10 Home) A515-56 Thin and Light Lap...,Intel,Core i5,11th Gen,Windows 10,8,1 TB,256 GB,1 TB HDD 256 GB SSD,not mentioned,0.0,3.9,37.0,4.0,53290,18.0
ASUS,ASUS TUF Gaming F15 Core i7 12th Gen - (16 GB/512 GB SSD/Windows 11 Home/4 GB Graphics/NVIDIA GeForce ...,Intel,Core i7,12th Gen,Windows 11,16,0,512 GB,512 GB SSD,NVIDIA,4.0,0.0,0.0,0.0,116990,15.0
Lenovo,Lenovo IdeaPad Core i3 11th Gen - (8 GB/512 GB SSD/Windows 11 Home) 15ITL05 Thin and Light Laptop,Intel,Core i3,11th Gen,Windows 11,8,0,512 GB,512 GB SSD,not mentioned,0.0,3.7,6.0,0.0,40990,36.0
Lenovo,Lenovo IdeaPad Gaming 3 Core i5 10th Gen - (8 GB/512 GB SSD/Windows 10 Home/4 GB Graphics/NVIDIA GeFor...,Intel,Core i5,10th Gen,Windows 10,8,0,512 GB,512 GB SSD,NVIDIA,4.0,4.3,502.0,43.0,53990,21.0
Lenovo,Lenovo Thinkpad Ryzen 5 Hexa Core 5600U - (8 GB/512 GB SSD/DOS) E14 AMD Gen3 Thin and Light Laptop,AMD,Ryzen 5Core,Ryzen 5,Windows 10,8,0,512 GB,512 GB SSD,not mentioned,0.0,4.3,25.0,4.0,56990,27.0
ASUS,ASUS Zenbook Flip 13 OLED Touch Panel Intel EVO Core i5 11th Gen - (8 GB/512 GB SSD/Windows 10 Home) U...,Intel,Core i5,11th Gen,Windows 10,8,0,512 GB,512 GB SSD,not mentioned,0.0,4.3,12.0,2.0,79990,31.0
DELL,DELL Vostro Core i5 11th Gen - (8 GB/512 GB SSD/Windows 10/2 GB Graphics) Vostro 3400 Thin and Light L...,Intel,Core i5,11th Gen,Windows 10,8,0,512 GB,512 GB SSD,not mentioned,2.0,4.0,213.0,18.0,55690,36.0
Lenovo,Lenovo Legion 5 Ryzen 5 Hexa Core 4600H - (8 GB/1 TB HDD/256 GB SSD/Windows 10 Home/4 GB Graphics/NVID...,AMD,Ryzen 5Core,Ryzen 5,Windows 10,8,1 TB,256 GB,1 TB HDD 256 GB SSD,NVIDIA,4.0,4.6,318.0,32.0,60990,34.0
ASUS,ASUS VivoBook Flip 14 (2022) Ryzen 5 Hexa Core - (8 GB/512 GB SSD/Windows 10 Home) TM420UA-EC501TS 2 i...,AMD,Ryzen 5Core,Ryzen 5,Windows 10,8,0,512 GB,512 GB SSD,not mentioned,0.0,4.4,181.0,35.0,62990,16.0
HP,HP Pavilion x360 Convertible Core i5 11th Gen - (16 GB/512 GB SSD/Windows 11 Home) 14-dy1048TU Thin an...,Intel,Core i5,11th Gen,Windows 11,16,0,512 GB,512 GB SSD,not mentioned,0.0,0.0,0.0,0.0,75190,4.0
HP,HP Pavilion Ryzen 5 Hexa Core 5500U - (16 GB/512 GB SSD/Windows 10 Home/2 GB Graphics) 14-ec0000AX Thi...,AMD,Ryzen 5Core,Ryzen 5,Windows 10,16,0,512 GB,512 GB SSD,not mentioned,2.0,4.2,102.0,14.0,64990,13.0
Lenovo,Lenovo Ideapad Slim 5 Ryzen 7 Octa Core 5700U - (16 GB/512 GB SSD/Windows 10 Home) 15ALC05 A|| 15ALC05...,AMD,Ryzen 7Core,Ryzen 7,Windows 10,16,0,512 GB,512 GB SSD,not mentioned,0.0,4.3,231.0,31.0,67990,27.0
DELL,DELL G15 Core i7 12th Gen - (16 GB/1 TB SSD/Windows 11 Home/4 GB Graphics/NVIDIA GeForce RTX 3050 Ti) ...,Intel,Core i7,12th Gen,Windows 11,16,0,1 TB,1 TB SSD,NVIDIA,4.0,0.0,0.0,0.0,117490,22.0
acer,acer Predator Helios 300 Octa Core i7 10th Gen - (16 GB/1 TB HDD/256 GB SSD/Windows 10 Home/6 GB Graph...,Intel,Core i7,10th Gen,Windows 10,16,1 TB,256 GB,1 TB HDD 256 GB SSD,not mentioned,0.0,4.5,1379.0,192.0,99990,33.0
ASUS,ASUS VivoBook K15 OLED (2022) Core i5 11th Gen - (16 GB/1 TB HDD/256 GB SSD/Windows 11 Home) K513EA-L5...,Intel,Core i5,11th Gen,Windows 11,16,1 TB,256 GB,1 TB HDD 256 GB SSD,not mentioned,0.0,4.7,23.0,4.0,69990,18.0
HP,HP 14s Core i3 11th Gen - (8 GB/256 GB SSD/Windows 10 Home) 14s-dy2500TU Thin and Light Laptop,Intel,Core i3,11th Gen,Windows 10,8,0,256 GB,256 GB SSD,not mentioned,0.0,4.2,1551.0,195.0,37990,12.0
ASUS,ASUS Vivobook Gaming Core i7 10th Gen - (8 GB/512 GB SSD/Windows 10 Home/4 GB Graphics/NVIDIA GeForce ...,Intel,Core i7,10th Gen,Windows 10,8,0,512 GB,512 GB SSD,NVIDIA,4.0,4.5,30.0,4.0,63990,28.0
APPLE,APPLE MacBook Pro M1 - (8 GB/1 TB SSD/Mac OS Big Sur) Z11B0008S,Apple,np.NaN,,Mac OS,8,0,1 TB,1 TB SSD,not mentioned,0.0,4.7,677.0,75.0,149990,8.0
ASUS,ASUS ZenBook Core i5 11th Gen - (8 GB/512 GB SSD/Windows 11 Home) UX325EA-KG502WS Thin and Light Lapto...,Intel,Core i5,11th Gen,Windows 11,8,0,512 GB,512 GB SSD,not mentioned,0.0,5.0,3.0,0.0,69990,19.0
MSI,MSI GF63 Thin Hexa Core i5 10th Gen - (8 GB/1 TB HDD/256 GB SSD/Windows 10 Home/4 GB Graphics/NVIDIA G...,Intel,Core i5,10th Gen,Windows 10,8,1 TB,256 GB,1 TB HDD 256 GB SSD,NVIDIA,4.0,4.4,2817.0,294.0,54990,28.0
DELL,DELL Vostro Core i5 11th Gen - (8 GB/512 GB SSD/Windows 11 Home/2 GB Graphics) Vostro 3400 Thin and Li...,Intel,Core i5,11th Gen,Windows 11,8,0,512 GB,512 GB SSD,not mentioned,2.0,0.0,0.0,0.0,55490,35.0
Infinix,Infinix X1 Series Core i7 10th Gen - (16 GB/512 GB SSD/Windows 11 Home/128 MB Graphics) XL12 Thin and ...,Intel,Core i7,10th Gen,Windows 11,16,0,512 GB,512 GB SSD,not mentioned,0.0,4.2,141.0,31.0,50990,27.0
DELL,DELL Inspiron Core i3 10th Gen - (4 GB/256 GB SSD/Windows 10 Home) Inspiron 3501 Laptop,Intel,Core i3,10th Gen,Windows 10,4,0,256 GB,256 GB SSD,not mentioned,0.0,4.4,652.0,65.0,39490,11.0
HP,HP Pavilion Gaming Ryzen 5 Quad Core 3550H - (8 GB/512 GB SSD/Windows 10 Home/4 GB Graphics/NVIDIA GeF...,AMD,Ryzen 5Core,Ryzen 5,Windows 10,8,0,512 GB,512 GB SSD,NVIDIA,4.0,4.4,2180.0,248.0,59990,0.0
HP,HP Celeron Dual Core - (8 GB/256 GB SSD/Windows 11 Home) 14s-dq3032tu Thin and Light Laptop,Intel,Celero,,Windows 11,8,0,256 GB,256 GB SSD,not mentioned,0.0,3.9,33.0,2.0,32990,10.0
MSI,MSI Core i3 11th Gen - (8 GB/512 GB SSD/Windows 10 Home) Modern 14 B11MOU-862IN Thin and Light Laptop,Intel,Core i3,11th Gen,Windows 10,8,0,512 GB,512 GB SSD,not mentioned,0.0,4.2,41.0,8.0,37990,32.0
ASUS,ASUS Ryzen 7 Octa Core 5800HS - (16 GB/512 GB SSD/Windows 10 Home/NVIDIA GeForce GTX 1650/144 HZ) GA40...,AMD,Ryzen 7Core,Ryzen 7,Windows 10,16,0,512 GB,512 GB SSD,not mentioned,0.0,4.5,19.0,5.0,79990,38.0
Lenovo,Lenovo IdeaPad Gaming 3 Core i5 10th Gen - (8 GB/512 GB SSD/Windows 10 Home/4 GB Graphics/NVIDIA GeFor...,Intel,Core i5,10th Gen,Windows 10,8,0,512 GB,512 GB SSD,NVIDIA,4.0,4.3,502.0,43.0,53990,21.0
ASUS,ASUS Vivobook Ultra K14 Core i3 11th Gen - (8 GB/512 GB SSD/Windows 11 Home) K14 Thin and Light Laptop,Intel,Core i3,11th Gen,Windows 11,8,0,512 GB,512 GB SSD,not mentioned,0.0,4.3,3.0,2.0,44490,24.0
ASUS,ASUS Core i5 10th Gen - (8 GB + 32 GB Optane/512 GB SSD/Windows 10 Home) X515JA-EJ562TS Thin and Light...,Intel,Core i5,10th Gen,Windows 10,8,0,512 GB,512 GB SSD,not mentioned,0.0,4.3,1673.0,154.0,49990,20.0
ASUS,ASUS ZenBook Duo 14 (2021) Touch Panel Core i7 11th Gen - (16 GB/1 TB SSD/Windows 11 Home/2 GB Graphic...,Intel,Core i7,11th Gen,Windows 11,16,0,1 TB,1 TB SSD,not mentioned,2.0,0.0,0.0,0.0,134990,18.0
Lenovo,Lenovo Legion 5 Ryzen 5 Hexa Core 4600H - (8 GB/1 TB HDD/256 GB SSD/Windows 10 Home/4 GB Graphics/NVID...,AMD,Ryzen 5Core,Ryzen 5,Windows 10,8,1 TB,256 GB,1 TB HDD 256 GB SSD,NVIDIA,4.0,4.6,318.0,32.0,60990,34.0
HP,HP 15s Core i3 11th Gen - (8 GB/1 TB HDD/Windows 10 Home) 15s-du3038TU Thin and Light Laptop,Intel,Core i3,11th Gen,Windows 10,8,1 TB,0,1 TB HDD,not mentioned,0.0,4.0,2369.0,291.0,44990,9.0
acer,acer Intel EVO Swift 3 Core i5 11th Gen - (8 GB/512 GB SSD/Windows 11 Home) SF314-511 Thin and Light L...,Intel,Core i5,11th Gen,Windows 11,8,0,512 GB,512 GB SSD,not mentioned,0.0,4.5,22.0,2.0,59990,33.0
ASUS,ASUS Vivobook Gaming Core i5 9th Gen - (8 GB/512 GB SSD/Windows 10 Home/4 GB Graphics/NVIDIA GeForce G...,Intel,Core i5,9th Gen,Windows 10,8,0,512 GB,512 GB SSD,NVIDIA,4.0,4.3,1714.0,230.0,54990,28.0
ASUS,ASUS ROG Strix G15 (2020) Octa Core i7 10th Gen - (16 GB/1 TB SSD/Windows 10 Home/4 GB Graphics/NVIDIA...,Intel,Core i7,10th Gen,Windows 10,16,0,1 TB,1 TB SSD,NVIDIA,4.0,4.6,288.0,46.0,92590,20.0
ASUS,ASUS Vivobook S14 OLED (2022) Intel EVO Core i5 12th Gen - (16 GB/512 GB SSD/Windows 11 Home) S3402ZA-...,Intel,Core i5,12th Gen,Windows 11,16,0,512 GB,512 GB SSD,not mentioned,0.0,4.7,6.0,2.0,74990,24.0
HP,HP Pavilion Ryzen 5 Hexa Core 5500U - (8 GB/512 GB SSD/Windows 10 Home) 14-ec0035AU Thin and Light Lap...,AMD,Ryzen 5Core,Ryzen 5,Windows 10,8,0,512 GB,512 GB SSD,not mentioned,0.0,4.4,400.0,57.0,58990,13.0
ASUS,ASUS Vivobook 14 Core i3 11th Gen - (8 GB/1 TB HDD/256 GB SSD/Windows 11 Home) X415EA-EB372WS Thin and...,Intel,Core i3,11th Gen,Windows 11,8,1 TB,256 GB,1 TB HDD 256 GB SSD,not mentioned,0.0,4.1,89.0,11.0,38890,32.0
DELL,DELL Vostro Core i3 11th Gen - (8 GB/1 TB HDD/Windows 10) vostro 3400/vostro 3401 Thin and Light Lapto...,Intel,Core i3,11th Gen,Windows 10,8,1 TB,0,1 TB HDD,not mentioned,0.0,4.0,2056.0,202.0,40990,1.0
Lenovo,Lenovo Core i5 11th Gen - (16 GB/512 GB SSD/Windows 10 Home) E15 Laptop,Intel,Core i5,11th Gen,Windows 10,16,0,512 GB,512 GB SSD,not mentioned,0.0,4.4,21.0,2.0,77990,2.0
APPLE,APPLE MacBook Pro with Touch Bar Core i5 10th Gen - (16 GB/1 TB SSD/Mac OS Catalina) MWP52HN/A,Intel,Core i5,10th Gen,Mac OS,16,0,1 TB,1 TB SSD,not mentioned,0.0,4.8,91.0,4.0,174990,10.0
ASUS,ASUS VivoBook K15 OLED (2022) Core i3 11th Gen - (8 GB/256 GB SSD/Windows 10 Home) K513EA-L302TS Thin ...,Intel,Core i3,11th Gen,Windows 10,8,0,256 GB,256 GB SSD,not mentioned,0.0,4.5,940.0,172.0,46990,20.0
ASUS,ASUS Vivobook Gaming Core i7 10th Gen - (16 GB/1 TB HDD/256 GB SSD/Windows 10 Home/4 GB Graphics/NVIDI...,Intel,Core i7,10th Gen,Windows 10,16,1 TB,256 GB,1 TB HDD 256 GB SSD,NVIDIA,4.0,4.2,53.0,8.0,68990,29.0
HP,HP 14s Core i5 10th Gen - (8 GB/512 GB SSD/Windows 10 Home) 14s- ER0503TU Thin and Light Laptop,Intel,Core i5,10th Gen,Windows 10,8,0,512 GB,512 GB SSD,not mentioned,0.0,4.1,33.0,5.0,53880,30.0
ASUS,ASUS VivoBook Flip 14 Core i3 11th Gen - (8 GB/256 GB SSD/Windows 11 Home) TP470EA-EC302WS 2 in 1 Lapt...,Intel,Core i3,11th Gen,Windows 11,8,0,256 GB,256 GB SSD,not mentioned,0.0,0.0,0.0,0.0,49990,25.0
acer,acer Aspire 5 Ryzen 5 Hexa Core AMD Ryzen 5-5500U hexa-core - (8 GB/512 GB SSD/Windows 10 Home) A515-4...,AMD,Ryzen 5Core,Ryzen 5,Windows 10,8,0,512 GB,512 GB SSD,not mentioned,0.0,4.4,50.0,6.0,51990,20.0
HP,HP Pavilion Ryzen 5 Hexa Core 5500U - (16 GB/512 GB SSD/Windows 10 Home) 14-ec0033AU Thin and Light La...,AMD,Ryzen 5Core,Ryzen 5,Windows 10,16,0,512 GB,512 GB SSD,not mentioned,0.0,4.4,25.0,3.0,59890,17.0
ASUS,ASUS ROG Strix G15 Ryzen 7 Octa Core 6800H - (16 GB/512 GB SSD/Windows 11 Home/4 GB Graphics/NVIDIA Ge...,AMD,Ryzen 7Core,Ryzen 7,Windows 11,16,0,512 GB,512 GB SSD,NVIDIA,4.0,0.0,0.0,0.0,108990,18.0
DELL,DELL Vostro Core i3 11th Gen - (8 GB/1 TB HDD/Windows 10) vostro 3400/vostro 3401 Thin and Light Lapto...,Intel,Core i3,11th Gen,Windows 10,8,1 TB,0,1 TB HDD,not mentioned,0.0,4.0,2056.0,202.0,40990,1.0
Lenovo,Lenovo Core i5 11th Gen - (16 GB/512 GB SSD/Windows 10 Home) E15 Laptop,Intel,Core i5,11th Gen,Windows 10,16,0,512 GB,512 GB SSD,not mentioned,0.0,4.4,21.0,2.0,77990,2.0
APPLE,APPLE 2021 Macbook Pro M1 Pro - (16 GB/1 TB SSD/Mac OS Monterey) MKGQ3HN/A,Apple,np.NaN,,Mac OS,16,0,1 TB,1 TB SSD,not mentioned,0.0,4.8,63.0,12.0,225990,5.0
ASUS,ASUS VivoBook K15 OLED (2022) Core i3 11th Gen - (8 GB/256 GB SSD/Windows 10 Home) K513EA-L302TS Thin ...,Intel,Core i3,11th Gen,Windows 10,8,0,256 GB,256 GB SSD,not mentioned,0.0,4.5,940.0,172.0,46990,20.0
acer,acer Aspire 5 Ryzen 7 Octa Core 5700U - (8 GB/512 GB SSD/Windows 10 Home) A515-45-R9PX Thin and Light ...,AMD,Ryzen 7Core,Ryzen 7,Windows 10,8,0,512 GB,512 GB SSD,not mentioned,0.0,0.0,0.0,0.0,57990,27.0
Lenovo,Lenovo ThinkPad E15 Core i5 11th Gen - (8 GB/512 GB SSD/Windows 10 Home) E15 Laptop,Intel,Core i5,11th Gen,Windows 10,8,0,512 GB,512 GB SSD,not mentioned,0.0,4.4,28.0,4.0,65990,15.0
HP,HP Pavilion Ryzen 5 Hexa Core 5500U - (8 GB/512 GB SSD/Windows 10 Home) 14-ec0035AU Thin and Light Lap...,AMD,Ryzen 5Core,Ryzen 5,Windows 10,8,0,512 GB,512 GB SSD,not mentioned,0.0,4.4,400.0,57.0,58990,13.0
ASUS,ASUS Vivobook S14 OLED (2022) Intel EVO Core i5 12th Gen - (16 GB/512 GB SSD/Windows 11 Home) S3402ZA-...,Intel,Core i5,12th Gen,Windows 11,16,0,512 GB,512 GB SSD,not mentioned,0.0,4.7,6.0,2.0,74990,24.0
acer,acer Aspire 5 Ryzen 5 Hexa Core AMD Ryzen 5-5500U hexa-core - (8 GB/512 GB SSD/Windows 10 Home) A515-4...,AMD,Ryzen 5Core,Ryzen 5,Windows 10,8,0,512 GB,512 GB SSD,not mentioned,0.0,4.4,50.0,6.0,51990,20.0
HP,HP Pavilion Ryzen 5 Hexa Core 5500U - (16 GB/512 GB SSD/Windows 10 Home) 14-ec0033AU Thin and Light La...,AMD,Ryzen 5Core,Ryzen 5,Windows 10,16,0,512 GB,512 GB SSD,not mentioned,0.0,4.4,25.0,3.0,59890,17.0
DELL,DELL Vostro Ryzen 5 Hexa Core 5500U - (8 GB/512 GB SSD/Windows 10) Vostro 5415 Thin and Light Laptop,AMD,Ryzen 5Core,Ryzen 5,Windows 10,8,0,512 GB,512 GB SSD,not mentioned,0.0,4.5,81.0,19.0,59490,2.0
ASUS,ASUS ROG Strix G15 Core i5 10th Gen - (8 GB/1 TB SSD/Windows 10 Home/4 GB Graphics/NVIDIA GeForce GTX ...,Intel,Core i5,10th Gen,Windows 10,8,0,1 TB,1 TB SSD,NVIDIA,4.0,4.5,846.0,118.0,82990,23.0
RedmiBook,RedmiBook 15 Core i3 11th Gen - (8 GB/512 GB SSD/Windows 10 Home) Thin and Light Laptop,Intel,Core i3,11th Gen,Windows 10,8,0,512 GB,512 GB SSD,not mentioned,0.0,4.2,1204.0,165.0,43490,22.0
ASUS,ASUS Zenbook 14 OLED (2022) Intel EVO Core i7 12th Gen - (16 GB/512 GB SSD/Windows 11 Home) UX3402ZA-K...,Intel,Core i7,12th Gen,Windows 11,16,0,512 GB,512 GB SSD,not mentioned,0.0,0.0,0.0,0.0,104990,18.0
ASUS,ASUS TUF Dash F15 (2021) Core i5 11th Gen - (16 GB/512 GB SSD/Windows 10 Home/6 GB Graphics/NVIDIA GeF...,Intel,Core i5,11th Gen,Windows 10,16,0,512 GB,512 GB SSD,NVIDIA,6.0,4.4,275.0,33.0,87490,16.0
MSI,MSI Core i3 10th Gen - (8 GB/512 GB SSD/Windows 10 Home) Modern 14 B10MW-657IN Thin and Light Laptop,Intel,Core i3,10th Gen,Windows 10,8,0,512 GB,512 GB SSD,not mentioned,0.0,4.4,142.0,19.0,46990,16.0
ASUS,ASUS Vivobook Gaming Core i7 10th Gen - (16 GB/1 TB HDD/256 GB SSD/Windows 10 Home/4 GB Graphics/NVIDI...,Intel,Core i7,10th Gen,Windows 10,16,1 TB,256 GB,1 TB HDD 256 GB SSD,NVIDIA,4.0,4.2,53.0,8.0,68990,29.0
HP,HP 14s Core i5 10th Gen - (8 GB/512 GB SSD/Windows 10 Home) 14s- ER0503TU Thin and Light Laptop,Intel,Core i5,10th Gen,Windows 10,8,0,512 GB,512 GB SSD,not mentioned,0.0,4.1,33.0,5.0,53880,30.0
ASUS,ASUS Core i3 10th Gen - (4 GB + 32 GB Optane/512 GB SSD/Windows 10 Home) X515JA-EJ372TS Thin and Light...,Intel,Core i3,10th Gen,Windows 10,4,0,512 GB,512 GB SSD,not mentioned,0.0,4.3,2606.0,298.0,38990,22.0
ASUS,ASUS ASUS TUF Gaming Core i7 11th Gen - (16 GB/512 GB SSD/Windows 10 Home/4 GB Graphics/NVIDIA GeForce...,Intel,Core i7,11th Gen,Windows 10,16,0,512 GB,512 GB SSD,NVIDIA,4.0,4.5,136.0,19.0,94990,6.0
DELL,DELL Vostro Ryzen 5 Quad Core R5-3450U - (8 GB/256 GB SSD/Windows 11 Home) Vostro 3405 Thin and Light ...,AMD,Ryzen 5Core,Ryzen 5,Windows 11,8,0,256 GB,256 GB SSD,not mentioned,0.0,4.4,21.0,3.0,44490,23.0
MSI,MSI Pulse GL66 Core i7 11th Gen - (16 GB/1 TB SSD/Windows 10 Home/6 GB Graphics/NVIDIA GeForce RTX 306...,Intel,Core i7,11th Gen,Windows 10,16,0,1 TB,1 TB SSD,NVIDIA,6.0,4.6,99.0,20.0,114990,17.0
ASUS,ASUS Ryzen 5 Hexa Core 5500U - (8 GB/512 GB SSD/Windows 10 Home) M515UA-BQ512TS Thin and Light Laptop,AMD,Ryzen 5Core,Ryzen 5,Windows 10,8,0,512 GB,512 GB SSD,not mentioned,0.0,4.4,11.0,1.0,47650,30.0
acer,acer Aspire 5 Ryzen 7 Octa Core 5700U - (8 GB/512 GB SSD/Windows 10 Home) A515-45-R9PX Thin and Light ...,AMD,Ryzen 7Core,Ryzen 7,Windows 10,8,0,512 GB,512 GB SSD,not mentioned,0.0,0.0,0.0,0.0,57990,27.0
ASUS,ASUS Core i5 10th Gen - (8 GB/512 GB SSD/Windows 10 Home/2 GB Graphics) X515JF-BQ521T Thin and Light L...,Intel,Core i5,10th Gen,Windows 10,8,0,512 GB,512 GB SSD,not mentioned,2.0,4.3,65.0,4.0,51990,20.0
APPLE,APPLE MacBook Air M1 - (8 GB/512 GB SSD/Mac OS Big Sur) Z12A000D3,Apple,np.NaN,,Mac OS,8,0,512 GB,512 GB SSD,not mentioned,0.0,4.7,7168.0,669.0,102990,7.0
Lenovo,Lenovo IdeaPad Gaming 3 Core i5 10th Gen - (8 GB/512 GB SSD/Windows 10 Home/4 GB Graphics/NVIDIA GeFor...,Intel,Core i5,10th Gen,Windows 10,8,0,512 GB,512 GB SSD,NVIDIA,4.0,4.3,502.0,43.0,53990,21.0
ASUS,ASUS ASUS TUF Gaming Core i7 11th Gen - (16 GB/512 GB SSD/Windows 10 Home/4 GB Graphics/NVIDIA GeForce...,Intel,Core i7,11th Gen,Windows 10,16,0,512 GB,512 GB SSD,NVIDIA,4.0,4.5,136.0,19.0,94990,6.0
ASUS,ASUS VivoBook Ultra 14 Core i5 11th Gen - (8 GB/512 GB SSD/Windows 10 Home) X413EA-EK511TS Thin and Li...,Intel,Core i5,11th Gen,Windows 10,8,0,512 GB,512 GB SSD,not mentioned,0.0,4.4,131.0,25.0,59990,18.0
DELL,DELL Vostro Core i3 10th Gen - (4 GB/1 TB HDD/256 GB SSD/Windows 10 Home) Vostro 3401 Thin and Light L...,Intel,Core i3,10th Gen,Windows 10,4,1 TB,256 GB,1 TB HDD 256 GB SSD,not mentioned,0.0,4.3,69.0,8.0,37126,0.0
Lenovo,Lenovo Legion 5 Ryzen 5 Hexa Core 4600H - (8 GB/1 TB HDD/256 GB SSD/Windows 10 Home/4 GB Graphics/NVID...,AMD,Ryzen 5Core,Ryzen 5,Windows 10,8,1 TB,256 GB,1 TB HDD 256 GB SSD,NVIDIA,4.0,4.6,318.0,32.0,60990,34.0
HP,HP HP Pavilion Ryzen 5 Hexa Core 4600H - (8 GB/512 GB SSD/Windows 10 Home/4 GB Graphics/NVIDIA GeForce...,AMD,Ryzen 5Core,Ryzen 5,Windows 10,8,0,512 GB,512 GB SSD,NVIDIA,4.0,4.4,2055.0,196.0,62990,17.0
Lenovo,Lenovo Ideapad 3 Core i5 10th Gen - (8 GB/512 GB SSD/Windows 11 Home/2 GB Graphics) 15IML05 Laptop,Intel,Core i5,10th Gen,Windows 11,8,0,512 GB,512 GB SSD,not mentioned,2.0,0.0,0.0,0.0,54999,38.0
DELL,DELL Core i7 11th Gen - (16 GB/512 GB SSD/Windows 11 Home/4 GB Graphics/NVIDIA GeForce RTX 3050Ti) G15...,Intel,Core i7,11th Gen,Windows 11,16,0,512 GB,512 GB SSD,NVIDIA,4.0,0.0,0.0,0.0,99990,22.0
MSI,MSI GF63 Thin Core i5 9th Gen - (8 GB/512 GB SSD/Windows 10 Home/4 GB Graphics/NVIDIA GeForce GTX 1650...,Intel,Core i5,9th Gen,Windows 10,8,0,512 GB,512 GB SSD,NVIDIA,4.0,4.5,4296.0,597.0,84990,10.0
RedmiBook,RedmiBook 15 Core i3 11th Gen - (8 GB/256 GB SSD/Windows 10 Home) Thin and Light Laptop,Intel,Core i3,11th Gen,Windows 10,8,0,256 GB,256 GB SSD,not mentioned,0.0,4.2,1204.0,165.0,40990,21.0
ASUS,ASUS ZenBook 13 (2022) Core i7 11th Gen - (16 GB/512 GB SSD/Windows 10 Home) UX325EA-KG722TS Thin and ...,Intel,Core i7,11th Gen,Windows 10,16,0,512 GB,512 GB SSD,not mentioned,0.0,0.0,0.0,0.0,89990,26.0
HP,HP x360 Core i5 11th Gen - (8 GB/256 GB SSD/Chrome OS) 14c-cc0010TU Chromebook,Intel,Core i5,11th Gen,Windows 10,8,0,256 GB,256 GB SSD,not mentioned,0.0,0.0,0.0,0.0,60390,20.0
HP,HP Core i3 11th Gen - (8 GB/256 GB SSD/Windows 11 Home) 15s-fq2626TU Thin and Light Laptop,Intel,Core i3,11th Gen,Windows 11,8,0,256 GB,256 GB SSD,not mentioned,0.0,3.3,6.0,1.0,39999,17.0
DELL,DELL Inspiron Core i5 11th Gen - (8 GB/512 GB SSD/Windows 11 Home) Inspiron 3511 Thin and Light Laptop,Intel,Core i5,11th Gen,Windows 11,8,0,512 GB,512 GB SSD,not mentioned,0.0,3.9,39.0,9.0,61490,18.0
ASUS,ASUS ROG Strix SCAR 15 (2022) Core i9 12th Gen - (32 GB/1 TB SSD/Windows 11 Home/16 GB Graphics/NVIDIA...,Intel,Core i9,12th Gen,Windows 11,32,0,1 TB,1 TB SSD,NVIDIA,16.0,0.0,0.0,0.0,301990,16.0
MSI,MSI Pulse GL66 Core i7 11th Gen - (16 GB/1 TB SSD/Windows 10 Home/8 GB Graphics/NVIDIA GeForce RTX 307...,Intel,Core i7,11th Gen,Windows 10,16,0,1 TB,1 TB SSD,NVIDIA,8.0,4.3,20.0,4.0,119990,33.0
ASUS,ASUS Vivobook 15 Core i3 11th Gen - (8 GB/1 TB HDD/Windows 10 Home) X515EA-BR391TS Laptop,Intel,Core i3,11th Gen,Windows 10,8,1 TB,0,1 TB HDD,not mentioned,0.0,3.4,20.0,1.0,35990,30.0
Infinix,Infinix INBook X1 Pro Core i7 10th Gen - (16 GB/512 GB SSD/Windows 11 Home) XL12 Thin and Light Laptop,Intel,Core i7,10th Gen,Windows 11,16,0,512 GB,512 GB SSD,not mentioned,0.0,4.2,141.0,31.0,50990,27.0
Lenovo,Lenovo Core i3 10th Gen - (8 GB/1 TB HDD/Windows 11 Home) 15IML05 Thin and Light Laptop,Intel,Core i3,10th Gen,Windows 11,8,1 TB,0,1 TB HDD,not mentioned,0.0,3.7,137.0,15.0,35490,38.0
Lenovo,Lenovo IdeaPad Gaming 3 Core i5 11th Gen - (8 GB/512 GB SSD/Windows 11 Home/4 GB Graphics/NVIDIA GeFor...,Intel,Core i5,11th Gen,Windows 11,8,0,512 GB,512 GB SSD,NVIDIA,4.0,0.0,0.0,0.0,72990,34.0
MSI,MSI Modern 14 Core i5 11th Gen - (8 GB/512 GB SSD/Windows 10 Home) Modern 14 B11MOU-637IN Thin and Lig...,Intel,Core i5,11th Gen,Windows 10,8,0,512 GB,512 GB SSD,not mentioned,0.0,4.3,166.0,20.0,46990,30.0
HP,HP 15s Core i3 11th Gen - (8 GB/512 GB SSD/Windows 11 Home) FR2508TU Thin and Light Laptop,Intel,Core i3,11th Gen,Windows 11,8,0,512 GB,512 GB SSD,not mentioned,0.0,5.0,5.0,0.0,42490,17.0
DELL,DELL Vostro Core i3 10th Gen - (8 GB/1 TB HDD/Windows 10 Home) Vostro 3401 Thin and Light Laptop,Intel,Core i3,10th Gen,Windows 10,8,1 TB,0,1 TB HDD,not mentioned,0.0,4.0,1954.0,193.0,40990,24.0
APPLE,APPLE MacBook Air M1 - (8 GB/512 GB SSD/Mac OS Big Sur) Z12A000D3,Apple,np.NaN,,Mac OS,8,0,512 GB,512 GB SSD,not mentioned,0.0,4.7,7168.0,669.0,102990,7.0
HP,HP x360 Core i5 11th Gen - (8 GB/256 GB SSD/Chrome OS) 14c-cc0010TU Chromebook,Intel,Core i5,11th Gen,Windows 10,8,0,256 GB,256 GB SSD,not mentioned,0.0,0.0,0.0,0.0,60390,20.0
ASUS,ASUS ROG Strix SCAR 15 (2022) Core i9 12th Gen - (32 GB/1 TB SSD/Windows 11 Home/16 GB Graphics/NVIDIA...,Intel,Core i9,12th Gen,Windows 11,32,0,1 TB,1 TB SSD,NVIDIA,16.0,0.0,0.0,0.0,301990,16.0
ASUS,ASUS ZenBook 13 (2022) Core i7 11th Gen - (16 GB/512 GB SSD/Windows 10 Home) UX325EA-KG722TS Thin and ...,Intel,Core i7,11th Gen,Windows 10,16,0,512 GB,512 GB SSD,not mentioned,0.0,0.0,0.0,0.0,89990,26.0
HP,HP Core i5 11th Gen - (8 GB/512 GB SSD/Windows 11 Home/2 GB Graphics) 15s-du3519TX Thin and Light Lapt...,Intel,Core i5,11th Gen,Windows 11,8,0,512 GB,512 GB SSD,not mentioned,2.0,0.0,0.0,0.0,64990,11.0
ASUS,ASUS VivoBook Flip 14 Core i3 11th Gen - (8 GB/512 GB SSD/Windows 11 Home) TP470EA-EC311WS 2 in 1 Lapt...,Intel,Core i3,11th Gen,Windows 11,8,0,512 GB,512 GB SSD,not mentioned,0.0,4.1,16.0,3.0,52990,22.0
MSI,MSI Pulse GL66 Core i7 11th Gen - (16 GB/1 TB SSD/Windows 10 Home/8 GB Graphics/NVIDIA GeForce RTX 307...,Intel,Core i7,11th Gen,Windows 10,16,0,1 TB,1 TB SSD,NVIDIA,8.0,4.3,20.0,4.0,119990,33.0
DELL,DELL Inspiron Core i5 11th Gen - (8 GB/512 GB SSD/Windows 11 Home) Inspiron 3511 Thin and Light Laptop,Intel,Core i5,11th Gen,Windows 11,8,0,512 GB,512 GB SSD,not mentioned,0.0,3.9,39.0,9.0,61490,18.0
HP,HP 15-ec1105AX Ryzen 5 Hexa Core 4600H - (8 GB/512 GB SSD/Windows 10 Home/4 GB Graphics/NVIDIA GeForce...,AMD,Ryzen 5Core,Ryzen 5,Windows 10,8,0,512 GB,512 GB SSD,NVIDIA,4.0,4.5,1133.0,147.0,61990,11.0
ASUS,ASUS ROG Strix G Core i7 9th Gen - (16 GB/1 TB HDD/256 GB SSD/Windows 10 Home/4 GB Graphics/NVIDIA GeF...,Intel,Core i7,9th Gen,Windows 10,16,1 TB,256 GB,1 TB HDD 256 GB SSD,NVIDIA,4.0,4.5,1885.0,241.0,99990,17.0
DELL,DELL Core i7 11th Gen - (16 GB/512 GB SSD/Windows 11 Home/4 GB Graphics/NVIDIA GeForce RTX 3050 Ti) G1...,Intel,Core i7,11th Gen,Windows 11,16,0,512 GB,512 GB SSD,NVIDIA,4.0,0.0,0.0,0.0,99990,22.0
ASUS,ASUS TUF Ryzen 7 Quad Core 3750H - (8 GB/512 GB SSD/Windows 10 Home/4 GB Graphics/NVIDIA GeForce GTX 1...,AMD,Ryzen 7Core,Ryzen 7,Windows 10,8,0,512 GB,512 GB SSD,NVIDIA,4.0,4.4,649.0,77.0,66890,14.0
HP,HP OMEN Ryzen 5 Hexa Core 5600H - (8 GB/512 GB SSD/Windows 11 Home/4 GB Graphics/NVIDIA GeForce GTX 16...,AMD,Ryzen 5Core,Ryzen 5,Windows 11,8,0,512 GB,512 GB SSD,NVIDIA,4.0,0.0,0.0,0.0,77990,11.0
Infinix,Infinix INBook X1 Pro Core i7 10th Gen - (16 GB/512 GB SSD/Windows 11 Home) XL12 Thin and Light Laptop,Intel,Core i7,10th Gen,Windows 11,16,0,512 GB,512 GB SSD,not mentioned,0.0,4.2,141.0,31.0,50990,27.0
Lenovo,Lenovo Core i3 10th Gen - (8 GB/1 TB HDD/Windows 11 Home) 15IML05 Thin and Light Laptop,Intel,Core i3,10th Gen,Windows 11,8,1 TB,0,1 TB HDD,not mentioned,0.0,3.7,137.0,15.0,35490,38.0
ASUS,ASUS Vivobook 15 Core i3 11th Gen - (8 GB/1 TB HDD/Windows 10 Home) X515EA-BR391TS Laptop,Intel,Core i3,11th Gen,Windows 10,8,1 TB,0,1 TB HDD,not mentioned,0.0,3.4,20.0,1.0,35990,30.0
Lenovo,Lenovo IdeaPad Gaming 3 Core i5 11th Gen - (8 GB/512 GB SSD/Windows 11 Home/4 GB Graphics/NVIDIA GeFor...,Intel,Core i5,11th Gen,Windows 11,8,0,512 GB,512 GB SSD,NVIDIA,4.0,0.0,0.0,0.0,72990,34.0
MSI,MSI GF63 Thin Core i5 9th Gen - (8 GB/512 GB SSD/Windows 10 Home/4 GB Graphics/NVIDIA GeForce GTX 1650...,Intel,Core i5,9th Gen,Windows 10,8,0,512 GB,512 GB SSD,NVIDIA,4.0,4.5,4296.0,597.0,84990,10.0
DELL,DELL Inspiron Core i5 11th Gen - (16 GB/512 GB SSD/Windows 11 Home) INSPIRON 5410 2 in 1 Laptop,Intel,Core i5,11th Gen,Windows 11,16,0,512 GB,512 GB SSD,not mentioned,0.0,4.7,3.0,2.0,89890,17.0
MSI,MSI Modern 14 Core i5 11th Gen - (8 GB/512 GB SSD/Windows 10 Home) Modern 14 B11MOU-637IN Thin and Lig...,Intel,Core i5,11th Gen,Windows 10,8,0,512 GB,512 GB SSD,not mentioned,0.0,4.3,166.0,20.0,46990,30.0
DELL,DELL Inspiron Core i3 10th Gen - (8 GB/256 GB SSD/Windows 11 Home) Inspiron 3511 Thin and Light Laptop,Intel,Core i3,10th Gen,Windows 11,8,0,256 GB,256 GB SSD,not mentioned,0.0,0.0,0.0,0.0,37990,30.0
SAMSUNG,SAMSUNG Galaxy Book Go Snapdragon 7c Gen 2 - (4 GB/128 GB EMMC Storage/Windows 11 Home) NP340XLA-KA1IN...,,np.NaN,,Windows 11,4,0,0,,not mentioned,0.0,4.8,24.0,7.0,36990,22.0
DELL,DELL Core i7 11th Gen - (16 GB/512 GB SSD/Windows 11 Home/4 GB Graphics/NVIDIA GeForce RTX 3050Ti) G15...,Intel,Core i7,11th Gen,Windows 11,16,0,512 GB,512 GB SSD,NVIDIA,4.0,0.0,0.0,0.0,99990,22.0
acer,acer Predator Helios 300 Core i7 11th Gen - (16 GB/1 TB HDD/512 GB SSD/Windows 10 Home/6 GB Graphics/N...,Intel,Core i7,11th Gen,Windows 10,16,1 TB,512 GB,1 TB HDD 512 GB SSD,NVIDIA,6.0,4.5,368.0,59.0,112990,19.0
ASUS,ASUS ROG Flow X13 Ryzen 9 Octa Core 5900HS - (32 GB/1 TB SSD/Windows 10 Home/4 GB Graphics/NVIDIA GeFo...,AMD,Ryzen 9Core,Ryzen 9,Windows 10,32,0,1 TB,1 TB SSD,NVIDIA,4.0,4.3,6.0,1.0,142990,29.0
ASUS,ASUS ROG Strix G15 Ryzen 9 Octa Core 5900HX - (16 GB/512 GB SSD/Windows 10 Home/4 GB Graphics/NVIDIA G...,AMD,Ryzen 9Core,Ryzen 9,Windows 10,16,0,512 GB,512 GB SSD,NVIDIA,4.0,4.7,16.0,2.0,97990,28.0
HP,HP OMEN 15 Ryzen 7 Octa Core 5800H - (16 GB/1 TB SSD/Windows 10 Home/8 GB Graphics/NVIDIA GeForce RTX ...,AMD,Ryzen 7Core,Ryzen 7,Windows 10,16,0,1 TB,1 TB SSD,NVIDIA,8.0,4.8,18.0,2.0,158490,13.0
ASUS,ASUS Chromebook Celeron Dual Core - (4 GB/64 GB EMMC Storage/Chrome OS) C423NA-BZ0522 Chromebook,Intel,Celero,,Windows 10,4,0,0,,not mentioned,0.0,4.1,707.0,104.0,22990,23.0
DELL,DELL Inspiron Core i5 11th Gen - (16 GB/512 GB SSD/Windows 10) Inspiron 5418 Thin and Light Laptop,Intel,Core i5,11th Gen,Windows 10,16,0,512 GB,512 GB SSD,not mentioned,0.0,4.0,62.0,7.0,71090,20.0
DELL,DELL Ryzen 7 Octa Core 5800H - (16 GB/512 GB SSD/Windows 11 Home/6 GB Graphics/NVIDIA GeForce RTX 3060...,AMD,Ryzen 7Core,Ryzen 7,Windows 11,16,0,512 GB,512 GB SSD,NVIDIA,6.0,3.7,3.0,1.0,114990,24.0
Nokia,Nokia PureBook X14 Core i5 10th Gen - (8 GB/512 GB SSD/Windows 10 Home) NKi510UL85S Thin and Light Lap...,Intel,Core i5,10th Gen,Windows 10,8,0,512 GB,512 GB SSD,not mentioned,0.0,4.4,1181.0,260.0,53990,40.0
Lenovo,Lenovo IdeaPad 3 Core i5 10th Gen - (8 GB/512 GB SSD/Windows 10 Home/2 GB Graphics) 15IML05 Thin and L...,Intel,Core i5,10th Gen,Windows 10,8,0,512 GB,512 GB SSD,not mentioned,2.0,4.4,49.0,3.0,54490,29.0
Lenovo,Lenovo Ideapad Gaming 3 Ryzen 5 Hexa Core 4600H - (8 GB/1 TB HDD/256 GB SSD/Windows 10 Home/4 GB Graph...,AMD,Ryzen 5Core,Ryzen 5,Windows 10,8,1 TB,256 GB,1 TB HDD 256 GB SSD,not mentioned,0.0,4.5,1727.0,250.0,62490,24.0
acer,acer Predator Helios 300 Core i9 11th Gen - (16 GB/1 TB SSD/Windows 11 Home/6 GB Graphics/NVIDIA GeFor...,Intel,Core i9,11th Gen,Windows 11,16,0,1 TB,1 TB SSD,NVIDIA,6.0,0.0,0.0,0.0,144990,14.0
ASUS,ASUS EeeBook 12 Celeron Dual Core - (4 GB/64 GB EMMC Storage/Windows 10 Home) E210MA-GJ011T Thin and L...,Intel,Celero,,Windows 10,4,0,0,,not mentioned,0.0,3.7,41.0,4.0,20990,19.0
Lenovo,Lenovo ThinkPad E15 Core i5 11th Gen - (8 GB/512 GB SSD/Windows 10 Home) E15 Thin and Light Laptop,Intel,Core i5,11th Gen,Windows 10,8,0,512 GB,512 GB SSD,not mentioned,0.0,4.7,10.0,0.0,67990,11.0
Lenovo,Lenovo Yoga Slim 7 Intel EVO Core i7 11th Gen - (16 GB/1 TB SSD/Windows 10 Home) Yoga Slim 7 14ITL05b ...,Intel,Core i7,11th Gen,Windows 10,16,0,1 TB,1 TB SSD,not mentioned,0.0,4.4,16.0,2.0,96990,6.0
ASUS,ASUS VivoBook Ultra Ryzen 5 Hexa Core 5500U - (8 GB/512 GB SSD/Windows 10 Home) KM413UA-EB502TS Thin a...,AMD,Ryzen 5Core,Ryzen 5,Windows 10,8,0,512 GB,512 GB SSD,not mentioned,0.0,4.5,636.0,80.0,58990,20.0
Lenovo,Lenovo Core i3 10th Gen - (8 GB/256 GB SSD/Windows 11 Home) 15IML05 Laptop,Intel,Core i3,10th Gen,Windows 11,8,0,256 GB,256 GB SSD,not mentioned,0.0,0.0,0.0,0.0,36990,34.0
ASUS,ASUS VivoBook 15 Core i3 10th Gen - (8 GB/1 TB HDD/Windows 10 Home) X515JA-EJ322TS Thin and Light Lapt...,Intel,Core i3,10th Gen,Windows 10,8,1 TB,0,1 TB HDD,not mentioned,0.0,4.0,1860.0,219.0,37990,17.0
DELL,DELL G15 Core i7 12th Gen - (16 GB/512 GB SSD/Windows 11 Home/6 GB Graphics/NVIDIA GeForce RTX 3060) G...,Intel,Core i7,12th Gen,Windows 11,16,0,512 GB,512 GB SSD,NVIDIA,6.0,0.0,0.0,0.0,127990,22.0
DELL,DELL Inspiron Core i3 10th Gen - (8 GB/1 TB HDD/Windows 10) Inspiron 3511 Thin and Light Laptop,Intel,Core i3,10th Gen,Windows 10,8,1 TB,0,1 TB HDD,not mentioned,0.0,3.7,55.0,4.0,40990,23.0
DELL,DELL Inspiron Core i3 10th Gen - (8 GB/256 GB SSD/Windows 10) Inspiron 3501 Thin and Light Laptop,Intel,Core i3,10th Gen,Windows 10,8,0,256 GB,256 GB SSD,not mentioned,0.0,4.4,49.0,4.0,40490,0.0
Lenovo,Lenovo Core i3 11th Gen - (4 GB/256 GB SSD/Windows 10 Home) V15 ITL G2 Thin and Light Laptop,Intel,Core i3,11th Gen,Windows 10,4,0,256 GB,256 GB SSD,not mentioned,0.0,4.3,114.0,13.0,38990,24.0
Lenovo,Lenovo IdeaPad 5 Core i5 11th Gen - (16 GB/512 GB SSD/Windows 11 Home) 14ITL05 Thin and Light Laptop,Intel,Core i5,11th Gen,Windows 11,16,0,512 GB,512 GB SSD,not mentioned,0.0,4.3,80.0,8.0,61990,36.0
DELL,DELL Inspiron Ryzen 5 Quad Core 3450U - (8 GB/512 GB SSD/Windows 11 Home) Inspiron 3515 Thin and Light...,AMD,Ryzen 5Core,Ryzen 5,Windows 11,8,0,512 GB,512 GB SSD,not mentioned,0.0,4.1,74.0,8.0,49990,24.0
ASUS,ASUS Ryzen 3 Quad Core 3rd Gen - (8 GB/256 GB SSD/Windows 11 Home) M515DA-BR322WS Laptop,AMD,Ryzen 3Core,Ryzen 3,Windows 11,8,0,256 GB,256 GB SSD,not mentioned,0.0,0.0,0.0,0.0,36949,25.0
ASUS,ASUS ROG Zephyrus G15 Ryzen 9 Octa Core 5900HS - (16 GB/1 TB SSD/Windows 10 Home/6 GB Graphics/NVIDIA ...,AMD,Ryzen 9Core,Ryzen 9,Windows 10,16,0,1 TB,1 TB SSD,NVIDIA,6.0,4.2,68.0,14.0,141990,25.0
ASUS,ASUS ROG Zephyrus G14 Ryzen 7 Octa Core 4800HS - (8 GB/1 TB SSD/Windows 10 Home/4 GB Graphics/NVIDIA G...,AMD,Ryzen 7Core,Ryzen 7,Windows 10,8,0,1 TB,1 TB SSD,NVIDIA,4.0,4.6,237.0,26.0,74990,39.0
Lenovo,Lenovo IdeaPad Gaming 3 Core i5 10th Gen - (8 GB/512 GB SSD/Windows 10 Home/4 GB Graphics/NVIDIA GeFor...,Intel,Core i5,10th Gen,Windows 10,8,0,512 GB,512 GB SSD,NVIDIA,4.0,4.3,502.0,43.0,53990,21.0
ASUS,ASUS Core i3 10th Gen - (8 GB/1 TB HDD/Windows 10 Home) X409FA-EB616T Thin and Light Laptop,Intel,Core i3,10th Gen,Windows 10,8,1 TB,0,1 TB HDD,not mentioned,0.0,3.6,17.0,1.0,32990,28.0
HP,HP Envy x360 Ryzen 5 Hexa Core 4500U - (8 GB/512 GB SSD/Windows 10 Home) 13-AY0045AU 2 in 1 Laptop,AMD,Ryzen 5Core,Ryzen 5,Windows 10,8,0,512 GB,512 GB SSD,not mentioned,0.0,4.6,209.0,27.0,73999,16.0
ASUS,ASUS Asus Vivobook 15 Pentium Quad Core - (4 GB/1 TB HDD/Windows 11 Home) X515MA-BR101W Laptop,Intel,Pentium,,Windows 11,4,1 TB,0,1 TB HDD,not mentioned,0.0,3.7,6.0,0.0,29940,19.0
Lenovo,Lenovo Legion 5 Ryzen 5 Hexa Core 4600H - (8 GB/1 TB HDD/256 GB SSD/Windows 10 Home/4 GB Graphics/NVID...,AMD,Ryzen 5Core,Ryzen 5,Windows 10,8,1 TB,256 GB,1 TB HDD 256 GB SSD,NVIDIA,4.0,4.6,318.0,32.0,60990,34.0
DELL,DELL Core i5 11th Gen - (8 GB/512 GB SSD/Windows 10) Vostro 5402 Thin and Light Laptop,Intel,Core i5,11th Gen,Windows 10,8,0,512 GB,512 GB SSD,not mentioned,0.0,3.0,3.0,1.0,61490,16.0
HP,HP Pavilion Ryzen 5 Hexa Core 5625U - (8 GB/512 GB SSD/Windows 11 Home) 14-EC1003AU Thin and Light Lap...,AMD,Ryzen 5Core,Ryzen 5,Windows 11,8,0,512 GB,512 GB SSD,not mentioned,0.0,0.0,0.0,0.0,54990,14.0
HP,HP Chromebook MediaTek Kompanio 500 - (4 GB/64 GB EMMC Storage/Chrome OS) 11A-NA0002MU Chromebook,,np.NaN,,Windows 10,4,0,0,,not mentioned,0.0,3.8,4941.0,576.0,20490,23.0
ASUS,ASUS Strix G15 Ryzen 7 Octa Core AMD Ryzen 7 4800H 4th Gen - (8 GB/512 GB SSD/Windows 10 Home/4 GB Gr...,AMD,Ryzen 7Core,Ryzen 7,Windows 10,8,0,512 GB,512 GB SSD,not mentioned,0.0,4.7,11.0,3.0,76990,18.0
DELL,DELL Ryzen 3 Dual Core 3250U - (8 GB/512 GB SSD/Windows 11 Home) INSPIRON 3515 Thin and Light Laptop,AMD,Ryzen 3Core,Ryzen 3,Windows 11,8,0,512 GB,512 GB SSD,not mentioned,0.0,4.0,6.0,1.0,40990,23.0
MSI,MSI Katana GF66 Core i5 11th Gen - (16 GB/512 GB SSD/Windows 10 Home/4 GB Graphics/NVIDIA GeForce RTX ...,Intel,Core i5,11th Gen,Windows 10,16,0,512 GB,512 GB SSD,NVIDIA,4.0,4.5,124.0,26.0,72990,31.0
acer,acer Predator Helios 300 Core i9 11th Gen - (16 GB/1 TB SSD/Windows 11 Home/6 GB Graphics/NVIDIA GeFor...,Intel,Core i9,11th Gen,Windows 11,16,0,1 TB,1 TB SSD,NVIDIA,6.0,0.0,0.0,0.0,144990,14.0
Lenovo,Lenovo Yoga Slim 7 Intel EVO Core i7 11th Gen - (16 GB/1 TB SSD/Windows 10 Home) Yoga Slim 7 14ITL05b ...,Intel,Core i7,11th Gen,Windows 10,16,0,1 TB,1 TB SSD,not mentioned,0.0,4.4,16.0,2.0,96990,6.0
ASUS,ASUS Chromebook Flip Celeron Dual Core - (4 GB/64 GB EMMC Storage/Chrome OS) C214MA-BU0452 Chromebook,Intel,Celero,,Windows 10,4,0,0,,not mentioned,0.0,4.1,1059.0,188.0,21990,26.0
DELL,DELL G15 Core i7 12th Gen - (16 GB/512 GB SSD/Windows 11 Home/6 GB Graphics/NVIDIA GeForce RTX 3060) G...,Intel,Core i7,12th Gen,Windows 11,16,0,512 GB,512 GB SSD,NVIDIA,6.0,0.0,0.0,0.0,127990,22.0
ASUS,ASUS Vivobook Gaming Core i7 10th Gen - (16 GB/512 GB SSD/Windows 10 Home/4 GB Graphics/NVIDIA GeForce...,Intel,Core i7,10th Gen,Windows 10,16,0,512 GB,512 GB SSD,NVIDIA,4.0,4.1,29.0,2.0,67990,28.0
ASUS,ASUS ROG Flow X13 Ryzen 9 Octa Core 5900HS - (32 GB/1 TB SSD/Windows 10 Home/4 GB Graphics/NVIDIA GeFo...,AMD,Ryzen 9Core,Ryzen 9,Windows 10,32,0,1 TB,1 TB SSD,NVIDIA,4.0,4.3,6.0,1.0,142990,29.0
HP,HP HP Envy Ryzen 7 Octa Core 4700U - (16 GB/1 TB SSD/Windows 10 Home) 13-ay0508au Thin and Light Lapto...,AMD,Ryzen 7Core,Ryzen 7,Windows 10,16,0,1 TB,1 TB SSD,not mentioned,0.0,3.7,3.0,0.0,90940,19.0
MSI,MSI Delta 15 AMD Advantage Edition Ryzen 9 Octa Core 5900HX 5th Gen - (16 GB/1 TB SSD/Windows 11 Home/...,AMD,Ryzen 9Core,Ryzen 9,Windows 11,16,0,1 TB,1 TB SSD,not mentioned,0.0,0.0,0.0,0.0,129990,31.0
ASUS,ASUS VivoBook Flip 14 Core i3 11th Gen - (8 GB/512 GB SSD/Windows 11 Home) TP470EA-EC311WS 2 in 1 Lapt...,Intel,Core i3,11th Gen,Windows 11,8,0,512 GB,512 GB SSD,not mentioned,0.0,4.1,16.0,3.0,52990,22.0
DELL,DELL Vostro Core i5 11th Gen - (8 GB/1 TB HDD/Windows 10 Home) Vostro 3400 Thin and Light Laptop,Intel,Core i5,11th Gen,Windows 10,8,1 TB,0,1 TB HDD,not mentioned,0.0,3.6,513.0,49.0,51990,7.0
DELL,DELL Ryzen 7 Octa Core 5800H - (16 GB/512 GB SSD/Windows 11 Home/6 GB Graphics/NVIDIA GeForce RTX 3060...,AMD,Ryzen 7Core,Ryzen 7,Windows 11,16,0,512 GB,512 GB SSD,NVIDIA,6.0,3.7,3.0,1.0,114990,24.0
HP,HP 15s Core i3 11th Gen - (8 GB/512 GB SSD/Windows 11 Home) FR2508TU Thin and Light Laptop,Intel,Core i3,11th Gen,Windows 11,8,0,512 GB,512 GB SSD,not mentioned,0.0,5.0,5.0,0.0,42490,17.0
ASUS,ASUS Core i7 11th Gen - (16 GB/512 GB SSD/4 GB EMMC Storage/Windows 10 Home/4 GB Graphics/NVIDIA GeFor...,Intel,Core i7,11th Gen,Windows 10,16,0,512 GB,512 GB SSD,NVIDIA,4.0,0.0,0.0,0.0,95990,24.0
Lenovo,Lenovo IdeaPad Gaming 3 Core i5 10th Gen - (8 GB/512 GB SSD/Windows 10 Home/4 GB Graphics/NVIDIA GeFor...,Intel,Core i5,10th Gen,Windows 10,8,0,512 GB,512 GB SSD,NVIDIA,4.0,4.3,502.0,43.0,53990,21.0
acer,acer Aspire 3 Core i5 11th Gen - (8 GB/1 TB HDD/Windows 11 Home) A315-58 Notebook,Intel,Core i5,11th Gen,Windows 11,8,1 TB,0,1 TB HDD,not mentioned,0.0,0.0,0.0,0.0,48990,15.0
Lenovo,Lenovo ThinkPad E15 Core i3 11th Gen - (4 GB/256 GB SSD/Windows 10 Home) E15 Laptop,Intel,Core i3,11th Gen,Windows 10,4,0,256 GB,256 GB SSD,not mentioned,0.0,4.2,46.0,4.0,44990,24.0
APPLE,APPLE 2021 Macbook Pro M1 Pro - (16 GB/1 TB SSD/Mac OS Monterey) MKGQ3HN/A,Apple,np.NaN,,Mac OS,16,0,1 TB,1 TB SSD,not mentioned,0.0,4.8,63.0,12.0,225990,5.0
Lenovo,Lenovo Legion 5 Ryzen 5 Hexa Core 4600H - (8 GB/1 TB HDD/256 GB SSD/Windows 10 Home/4 GB Graphics/NVID...,AMD,Ryzen 5Core,Ryzen 5,Windows 10,8,1 TB,256 GB,1 TB HDD 256 GB SSD,NVIDIA,4.0,4.6,318.0,32.0,60990,34.0
Lenovo,Lenovo Ideapad Slim 5i Core i5 11th Gen - (8 GB/512 GB SSD/Windows 10 Home) 14ITL05U2a Thin and Light ...,Intel,Core i5,11th Gen,Windows 10,8,0,512 GB,512 GB SSD,not mentioned,0.0,4.2,88.0,11.0,56990,12.0
HP,HP Pavilion Ryzen 7 Octa Core 5825U - (16 GB/512 GB SSD/Windows 11 Home) 14-EC1008AU Thin and Light La...,AMD,Ryzen 7Core,Ryzen 7,Windows 11,16,0,512 GB,512 GB SSD,not mentioned,0.0,0.0,0.0,0.0,71999,13.0
Lenovo,Lenovo IdeaPad Core i5 11th Gen - (8 GB/512 GB SSD/Windows 11 Home) 14ITL6 Thin and Light Laptop,Intel,Core i5,11th Gen,Windows 11,8,0,512 GB,512 GB SSD,not mentioned,0.0,3.3,3.0,0.0,50990,43.0
HP,HP Pavilion Core i5 11th Gen - (8 GB/512 GB SSD/Windows 10 Home) 15-eg0547TU Thin and Light Laptop,Intel,Core i5,11th Gen,Windows 10,8,0,512 GB,512 GB SSD,not mentioned,0.0,4.3,4.0,0.0,62990,16.0
SAMSUNG,SAMSUNG Galaxy Book2 Core i5 12th Gen - (16 GB/512 GB SSD/Windows 11 Home) NP750XED-KC3IN Thin and Lig...,Intel,Core i5,12th Gen,Windows 11,16,0,512 GB,512 GB SSD,not mentioned,0.0,0.0,0.0,0.0,73990,16.0
acer,acer Swift 3 Ryzen 5 Hexa Core 5500U - (8 GB/512 GB SSD/Windows 10 Home) SF314-43 Thin and Light Lapto...,AMD,Ryzen 5Core,Ryzen 5,Windows 10,8,0,512 GB,512 GB SSD,not mentioned,0.0,4.6,18.0,4.0,56490,37.0
DELL,DELL Inspiron Core i3 11th Gen - (8 GB/1 TB HDD/256 GB SSD/Windows 11 Home) Inspiron 3511 Thin and Lig...,Intel,Core i3,11th Gen,Windows 11,8,1 TB,256 GB,1 TB HDD 256 GB SSD,not mentioned,0.0,4.3,306.0,25.0,48990,16.0
DELL,DELL Inspiron Ryzen 5 Quad Core 3450U - (8 GB/256 GB SSD/Windows 10) Inspiron 3505 Notebook,AMD,Ryzen 5Core,Ryzen 5,Windows 10,8,0,256 GB,256 GB SSD,not mentioned,0.0,4.3,718.0,92.0,42490,14.0
Lenovo,Lenovo IdeaPad 3 Chromebook Celeron Dual Core - (4 GB/64 GB EMMC Storage/Chrome OS) CB 11IGL05 Chromeb...,Intel,Celero,,Windows 10,4,0,0,,not mentioned,0.0,3.5,658.0,76.0,15990,35.0
DELL,DELL Inspiron Core i5 11th Gen - (16 GB/512 GB SSD/Windows 10) Inspiron 5418 Thin and Light Laptop,Intel,Core i5,11th Gen,Windows 10,16,0,512 GB,512 GB SSD,not mentioned,0.0,4.0,62.0,7.0,71090,20.0
ASUS,ASUS TUF Gaming F15 Core i5 10th Gen - (8 GB/512 GB SSD/Windows 10 Home/4 GB Graphics/NVIDIA GeForce G...,Intel,Core i5,10th Gen,Windows 10,8,0,512 GB,512 GB SSD,NVIDIA,4.0,4.4,336.0,42.0,63990,24.0
Lenovo,Lenovo IdeaPad 3 Core i5 10th Gen - (8 GB/512 GB SSD/Windows 10 Home/2 GB Graphics) 15IML05 Thin and L...,Intel,Core i5,10th Gen,Windows 10,8,0,512 GB,512 GB SSD,not mentioned,2.0,4.4,49.0,3.0,54490,29.0
DELL,DELL G7 Core i9 10th Gen - (16 GB/1 TB SSD/Windows 10 Home/8 GB Graphics/NVIDIA GeForce RTX 2070/300 H...,Intel,Core i9,10th Gen,Windows 10,16,0,1 TB,1 TB SSD,NVIDIA,8.0,4.5,17.0,2.0,198490,12.0
DELL,DELL Inspiron Core i5 11th Gen - (8 GB/1 TB HDD/256 GB SSD/Windows 11 Home) INSPIRON 3511 Thin and Lig...,Intel,Core i5,11th Gen,Windows 11,8,1 TB,256 GB,1 TB HDD 256 GB SSD,not mentioned,0.0,4.1,32.0,4.0,59890,17.0
ASUS,ASUS Chromebook Celeron Dual Core - (4 GB/64 GB EMMC Storage/Chrome OS) C523NA-BR0300| C523NA-BR0476 C...,Intel,Celero,,Windows 10,4,0,0,,not mentioned,0.0,3.8,993.0,142.0,20499,21.0
ASUS,ASUS VivoBook K15 OLED (2022) Ryzen 5 Hexa Core 5500U - (8 GB/1 TB HDD/256 GB SSD/Windows 10 Home) KM5...,AMD,Ryzen 5Core,Ryzen 5,Windows 10,8,1 TB,256 GB,1 TB HDD 256 GB SSD,not mentioned,0.0,4.5,664.0,90.0,58990,25.0
HP,HP Pavilion Ryzen 7 Octa Core 5825U - (16 GB/512 GB SSD/Windows 11 Home) 14-EC1008AU Thin and Light La...,AMD,Ryzen 7Core,Ryzen 7,Windows 11,16,0,512 GB,512 GB SSD,not mentioned,0.0,0.0,0.0,0.0,71999,13.0
ASUS,ASUS VivoBook Ultra 14 Core i5 11th Gen - (8 GB/512 GB SSD/Windows 10 Home) X413EA-EK511TS Thin and Li...,Intel,Core i5,11th Gen,Windows 10,8,0,512 GB,512 GB SSD,not mentioned,0.0,4.4,131.0,25.0,59990,18.0
DELL,DELL Inspiron Ryzen 5 Quad Core 3450U - (8 GB/256 GB SSD/Windows 10) Inspiron 3505 Notebook,AMD,Ryzen 5Core,Ryzen 5,Windows 10,8,0,256 GB,256 GB SSD,not mentioned,0.0,4.3,718.0,92.0,42490,14.0
DELL,DELL Inspiron Ryzen 3 Dual Core 3250U - (8 GB/1 TB HDD/Windows 11 Home) INSPIRON 3515 Thin and Light L...,AMD,Ryzen 3Core,Ryzen 3,Windows 11,8,1 TB,0,1 TB HDD,not mentioned,0.0,4.2,43.0,5.0,37390,25.0
ASUS,ASUS Vivobook S14 OLED (2022) Intel EVO Core i7 12th Gen - (16 GB/512 GB SSD/Windows 11 Home) S3402ZA-...,Intel,Core i7,12th Gen,Windows 11,16,0,512 GB,512 GB SSD,not mentioned,0.0,0.0,0.0,0.0,94990,18.0
MSI,MSI Core i5 11th Gen - (8 GB/512 GB SSD/Windows 10 Home) Modern 14 B11MOU-861IN Thin and Light Laptop,Intel,Core i5,11th Gen,Windows 10,8,0,512 GB,512 GB SSD,not mentioned,0.0,4.3,18.0,3.0,46990,29.0
ASUS,ASUS VivoBook K15 OLED (2022) Ryzen 5 Hexa Core 5500U - (8 GB/1 TB HDD/256 GB SSD/Windows 10 Home) KM5...,AMD,Ryzen 5Core,Ryzen 5,Windows 10,8,1 TB,256 GB,1 TB HDD 256 GB SSD,not mentioned,0.0,4.5,664.0,90.0,58990,25.0
DELL,DELL Vostro Core i5 11th Gen - (16 GB/512 GB SSD/Windows 11 Home/2 GB Graphics) Vostro 3400 Thin and L...,Intel,Core i5,11th Gen,Windows 11,16,0,512 GB,512 GB SSD,not mentioned,2.0,3.3,4.0,0.0,60490,34.0
Lenovo,Lenovo Legion 5 Core i7 11th Gen - (16 GB/512 GB SSD/Windows 10 Home/4 GB Graphics/NVIDIA GeForce RTX ...,Intel,Core i7,11th Gen,Windows 10,16,0,512 GB,512 GB SSD,NVIDIA,4.0,4.0,22.0,5.0,117990,23.0
ASUS,ASUS Zenbook 14 Flip Ryzen 9 Octa Core 5900HX - (16 GB/1 TB SSD/Windows 11 Home) UN5401QA-KN901WS Thin...,AMD,Ryzen 9Core,Ryzen 9,Windows 11,16,0,1 TB,1 TB SSD,not mentioned,0.0,0.0,0.0,0.0,134990,21.0
Lenovo,Lenovo ThinkPad Core i5 10th Gen - (16 GB/512 GB HDD/512 GB SSD/Windows 10 Pro) T14 Thin and Light Lap...,Intel,Core i5,10th Gen,Windows 10,16,0,512 GB,512 GB HDD 512 GB SSD,not mentioned,0.0,0.0,0.0,0.0,155411,0.0
Lenovo,Lenovo IdeaPad 3 Chromebook Celeron Dual Core - (4 GB/64 GB EMMC Storage/Chrome OS) CB 11IGL05 Chromeb...,Intel,Celero,,Windows 10,4,0,0,,not mentioned,0.0,3.5,658.0,76.0,15990,35.0
DELL,DELL Vostro Core i3 11th Gen - (8 GB/256 GB SSD/Windows 10) Vostro 3400 Thin and Light Laptop,Intel,Core i3,11th Gen,Windows 10,8,0,256 GB,256 GB SSD,not mentioned,0.0,4.3,1826.0,168.0,41990,24.0
acer,acer Swift X Ryzen 7 Octa Core 5800U - (16 GB/1 TB SSD/Windows 11 Home/4 GB Graphics) SFX14-41G Thin a...,AMD,Ryzen 7Core,Ryzen 7,Windows 11,16,0,1 TB,1 TB SSD,not mentioned,4.0,0.0,0.0,0.0,99990,28.0
ASUS,ASUS Ryzen 5 Quad Core 3rd Gen - (8 GB/512 GB SSD/Windows 11 Home) M515DA-BQ512WS Thin and Light Lapto...,AMD,Ryzen 5Core,Ryzen 5,Windows 11,8,0,512 GB,512 GB SSD,not mentioned,0.0,0.0,0.0,0.0,44900,22.0
Lenovo,Lenovo V Series Athlon Dual Core 3150U - (4 GB/1 TB HDD/Windows 10 Home) V-15 ADA Laptop,AMD,Core,,Windows 10,4,1 TB,0,1 TB HDD,not mentioned,0.0,3.8,340.0,42.0,27890,13.0
acer,acer Travelmate Core i3 11th Gen - (8 GB/1 TB HDD/256 GB SSD/Windows 10 Home) TravelMate P214-53 Noteb...,Intel,Core i3,11th Gen,Windows 10,8,1 TB,256 GB,1 TB HDD 256 GB SSD,not mentioned,0.0,4.2,45.0,3.0,43490,27.0
Lenovo,Lenovo Ideapad Slim 5i Core i5 11th Gen - (8 GB/512 GB SSD/Windows 10 Home) 14ITL05U2a Thin and Light ...,Intel,Core i5,11th Gen,Windows 10,8,0,512 GB,512 GB SSD,not mentioned,0.0,4.2,88.0,11.0,56990,12.0
ASUS,ASUS ASUS TUF Gaming Core i5 11th Gen - (8 GB/512 GB SSD/Windows 10 Home/4 GB Graphics/NVIDIA GeForce ...,Intel,Core i5,11th Gen,Windows 10,8,0,512 GB,512 GB SSD,NVIDIA,4.0,4.4,138.0,24.0,71990,37.0
HP,HP Pavilion Ryzen 5 Hexa Core 5625U - (8 GB/512 GB SSD/Windows 11 Home) 15-eh2018AU Thin and Light Lap...,AMD,Ryzen 5Core,Ryzen 5,Windows 11,8,0,512 GB,512 GB SSD,not mentioned,0.0,0.0,0.0,0.0,60190,9.0
ASUS,ASUS Chromebook Celeron Dual Core - (4 GB/64 GB EMMC Storage/Chrome OS) C523NA-BR0300| C523NA-BR0476 C...,Intel,Celero,,Windows 10,4,0,0,,not mentioned,0.0,3.8,993.0,142.0,20499,21.0
DELL,DELL Ryzen 3 Dual Core 3250U - (8 GB/256 GB SSD/Windows 10) Inspiron 3515 Thin and Light Laptop,AMD,Ryzen 3Core,Ryzen 3,Windows 10,8,0,256 GB,256 GB SSD,not mentioned,0.0,3.7,11.0,1.0,39390,26.0
Lenovo,Lenovo Ideapad Gaming 3 Ryzen 7 Octa Core 5800H - (16 GB/512 GB SSD/Windows 11 Home/4 GB Graphics/NVID...,AMD,Ryzen 7Core,Ryzen 7,Windows 11,16,0,512 GB,512 GB SSD,NVIDIA,4.0,0.0,0.0,0.0,77990,30.0
APPLE,APPLE MacBook Pro with Touch Bar Core i5 10th Gen - (16 GB/1 TB SSD/Mac OS Catalina) MWP52HN/A,Intel,Core i5,10th Gen,Mac OS,16,0,1 TB,1 TB SSD,not mentioned,0.0,4.8,91.0,4.0,174990,10.0
DELL,DELL Inspiron Core i5 11th Gen - (8 GB/1 TB HDD/256 GB SSD/Windows 10) 3511 Laptop,Intel,Core i5,11th Gen,Windows 10,8,1 TB,256 GB,1 TB HDD 256 GB SSD,not mentioned,0.0,0.0,0.0,0.0,59990,6.0
DELL,DELL G15 Core i5 10th Gen - (8 GB/512 GB SSD/Windows 10/4 GB Graphics/NVIDIA GeForce GTX 1650/120 Hz) ...,Intel,Core i5,10th Gen,Windows 10,8,0,512 GB,512 GB SSD,NVIDIA,4.0,4.3,319.0,28.0,65990,14.0
Lenovo,Lenovo Legion Y540 Core i5 9th Gen - (8 GB/1 TB HDD/256 GB SSD/Windows 10 Home/4 GB Graphics/NVIDIA Ge...,Intel,Core i5,9th Gen,Windows 10,8,1 TB,256 GB,1 TB HDD 256 GB SSD,NVIDIA,4.0,4.4,303.0,26.0,64390,25.0
Lenovo,Lenovo IdeaPad Gaming 3 Core i5 10th Gen - (8 GB/512 GB SSD/Windows 10 Home/4 GB Graphics/NVIDIA GeFor...,Intel,Core i5,10th Gen,Windows 10,8,0,512 GB,512 GB SSD,NVIDIA,4.0,4.3,502.0,43.0,53990,21.0
ASUS,ASUS Vivobook Core i5 11th Gen - (8 GB/256 GB SSD/Windows 10 Home) X415EA-EB502TS Thin and Light Lapto...,Intel,Core i5,11th Gen,Windows 10,8,0,256 GB,256 GB SSD,not mentioned,0.0,0.0,0.0,0.0,46980,27.0
DELL,DELL XPS Core i5 10th Gen - (8 GB/512 GB SSD/Windows 10 Home) XPS 9300 Thin and Light Laptop,Intel,Core i5,10th Gen,Windows 10,8,0,512 GB,512 GB SSD,not mentioned,0.0,0.0,0.0,0.0,130490,15.0
ASUS,ASUS VivoBook Ultra 14 Core i3 10th Gen - (4 GB/512 GB SSD/Windows 10 Home) X413JA-EK261T||X413JA-EB30...,Intel,Core i3,10th Gen,Windows 10,4,0,512 GB,512 GB SSD,not mentioned,0.0,4.4,4045.0,524.0,38990,9.0
Lenovo,Lenovo Legion 5 Ryzen 5 Hexa Core 4600H - (8 GB/1 TB HDD/256 GB SSD/Windows 10 Home/4 GB Graphics/NVID...,AMD,Ryzen 5Core,Ryzen 5,Windows 10,8,1 TB,256 GB,1 TB HDD 256 GB SSD,NVIDIA,4.0,4.6,318.0,32.0,60990,34.0
Lenovo,Lenovo Ideapad Gaming 3 Ryzen 5 Hexa Core 4600H - (8 GB/1 TB HDD/256 GB SSD/Windows 10 Home/4 GB Graph...,AMD,Ryzen 5Core,Ryzen 5,Windows 10,8,1 TB,256 GB,1 TB HDD 256 GB SSD,not mentioned,0.0,4.5,875.0,120.0,63990,24.0
ASUS,ASUS Core i5 10th Gen - (8 GB/1 TB HDD/256 GB SSD/Windows 10 Home/2 GB Graphics) X515EP-EJ512TS Thin a...,Intel,Core i5,10th Gen,Windows 10,8,1 TB,256 GB,1 TB HDD 256 GB SSD,not mentioned,2.0,5.0,2.0,1.0,55990,17.0
Lenovo,Lenovo Yoga 6 Ryzen 5 Hexa Core 5500U - (16 GB/512 GB SSD/Windows 10 Home) 13ALC6 Thin and Light Lapto...,AMD,Ryzen 5Core,Ryzen 5,Windows 10,16,0,512 GB,512 GB SSD,not mentioned,0.0,0.0,0.0,0.0,75990,27.0
ASUS,ASUS Zenbook 14 OLED (2022) Intel EVO Core i5 12th Gen - (16 GB/512 GB SSD/Windows 11 Home) UX3402ZA-K...,Intel,Core i5,12th Gen,Windows 11,16,0,512 GB,512 GB SSD,not mentioned,0.0,0.0,0.0,0.0,89990,18.0
ASUS,ASUS TUF Ryzen 7 Quad Core 3750H - (8 GB/512 GB SSD/Windows 10 Home/4 GB Graphics/NVIDIA GeForce GTX 1...,AMD,Ryzen 7Core,Ryzen 7,Windows 10,8,0,512 GB,512 GB SSD,NVIDIA,4.0,4.4,649.0,77.0,66890,14.0
MSI,MSI GF65 Thin Hexa Core i5 10th Gen - (16 GB/512 GB SSD/Windows 10 Home/6 GB Graphics/NVIDIA GeForce G...,Intel,Core i5,10th Gen,Windows 10,16,0,512 GB,512 GB SSD,NVIDIA,6.0,4.6,619.0,113.0,75990,24.0
ASUS,ASUS Ryzen 7 Octa Core 5800HS - (16 GB/512 GB SSD/Windows 10 Home/4 GB Graphics) GA401QH-HZ080TS Thin ...,AMD,Ryzen 7Core,Ryzen 7,Windows 10,16,0,512 GB,512 GB SSD,not mentioned,4.0,4.4,7.0,3.0,79990,39.0
DELL,DELL Vostro Core i3 11th Gen - (4 GB/1 TB HDD/256 GB SSD/Windows 11 Home) Vostro 3400 Thin and Light L...,Intel,Core i3,11th Gen,Windows 11,4,1 TB,256 GB,1 TB HDD 256 GB SSD,not mentioned,0.0,0.0,0.0,0.0,44090,23.0
MSI,MSI Prestige 14 EVO Core i5 11th Gen - (16 GB/512 GB SSD/Windows 10 Home) Prestige 14 Evo A11M-436IN T...,Intel,Core i5,11th Gen,Windows 10,16,0,512 GB,512 GB SSD,not mentioned,0.0,4.5,11.0,4.0,80490,13.0
MSI,MSI Modern 14 Ryzen 5 Hexa Core Ryzen 5 5500U 5th Gen - (8 GB/256 GB SSD/Windows 10 Home) Modern 14 B5...,AMD,Ryzen 5Core,Ryzen 5,Windows 10,8,0,256 GB,256 GB SSD,not mentioned,0.0,0.0,0.0,0.0,49990,26.0
HP,HP Pavilion Gaming Ryzen 5 Hexa Core 5600H - (8 GB/512 GB SSD/Windows 11 Home/4 GB Graphics/NVIDIA GeF...,AMD,Ryzen 5Core,Ryzen 5,Windows 11,8,0,512 GB,512 GB SSD,NVIDIA,4.0,4.0,14.0,1.0,58990,23.0
ASUS,ASUS VivoBook Ultra S14 Core i7 11th Gen - (8 GB + 32 GB Optane/512 GB SSD/Windows 10 Home) S433EA-AM7...,Intel,Core i7,11th Gen,Windows 10,8,0,512 GB,512 GB SSD,not mentioned,0.0,4.4,23.0,6.0,77990,19.0
ASUS,ASUS Chromebook Celeron Dual Core - (4 GB/64 GB EMMC Storage/Chrome OS) C423NA-BV0523 Chromebook,Intel,Celero,,Windows 10,4,0,0,,not mentioned,0.0,3.9,746.0,104.0,19990,20.0
MSI,MSI Stealth GS66 Core i7 12th Gen - (32 GB/1 TB SSD/Windows 11 Home/8 GB Graphics/NVIDIA GeForce RTX 3...,Intel,Core i7,12th Gen,Windows 11,32,0,1 TB,1 TB SSD,NVIDIA,8.0,0.0,0.0,0.0,279990,10.0
ASUS,ASUS Vivobook Pro 14X OLED (2021) Ryzen 9 Octa Core 5900HX - (16 GB/1 TB SSD/Windows 10 Home/4 GB Grap...,AMD,Ryzen 9Core,Ryzen 9,Windows 10,16,0,1 TB,1 TB SSD,not mentioned,0.0,4.5,16.0,3.0,109990,23.0
ASUS,ASUS ROG Strix G15 (2020) Core i5 10th Gen - (8 GB/1 TB SSD/Windows 10 Home/4 GB Graphics/NVIDIA GeFor...,Intel,Core i5,10th Gen,Windows 10,8,0,1 TB,1 TB SSD,NVIDIA,4.0,4.5,192.0,28.0,77990,48.0
